#separator:;
#columns:question;infinitivo;polski;person;case;conj_espanol;conj_polski;irregular;hint
abrir, yo, presente;abrir;otwierać;yo;presente;abro;;False;
abrir, tu, presente;abrir;otwierać;tu;presente;abres;;False;
abrir, el, presente;abrir;otwierać;el;presente;abre;;False;
abrir, ns, presente;abrir;otwierać;ns;presente;abrimos;;False;
abrir, vs, presente;abrir;otwierać;vs;presente;abrís;;False;
abrir, ellos, presente;abrir;otwierać;ellos;presente;abren;;False;
abrir, yo, pret. indefinido;abrir;otwierać;yo;pret_indefinido;abrí;;False;
abrir, tu, pret. indefinido;abrir;otwierać;tu;pret_indefinido;abriste;;False;
abrir, el, pret. indefinido;abrir;otwierać;el;pret_indefinido;abrió;;False;
abrir, ns, pret. indefinido;abrir;otwierać;ns;pret_indefinido;abrimos;;False;
abrir, vs, pret. indefinido;abrir;otwierać;vs;pret_indefinido;abristeis;;False;
abrir, ellos, pret. indefinido;abrir;otwierać;ellos;pret_indefinido;abrieron;;False;
abrir, yo, pret. perfecto;abrir;otwierać;yo;pret_perfecto;he abierto;;True;
abrir, tu, pret. perfecto;abrir;otwierać;tu;pret_perfecto;has abierto;;True;
abrir, el, pret. perfecto;abrir;otwierać;el;pret_perfecto;ha abierto;;True;
abrir, ns, pret. perfecto;abrir;otwierać;ns;pret_perfecto;hemos abierto;;True;
abrir, vs, pret. perfecto;abrir;otwierać;vs;pret_perfecto;habéis abierto;;True;
abrir, ellos, pret. perfecto;abrir;otwierać;ellos;pret_perfecto;han abierto;;True;
acabar, yo, presente;acabar;kończyć;yo;presente;acabo;kończę;False;
acabar, tu, presente;acabar;kończyć;tu;presente;acabas;kończysz;False;
acabar, el, presente;acabar;kończyć;el;presente;acaba;kończy;False;
acabar, ns, presente;acabar;kończyć;ns;presente;acabamos;kończymy;False;
acabar, vs, presente;acabar;kończyć;vs;presente;acabáis;kończycie;False;
acabar, ellos, presente;acabar;kończyć;ellos;presente;acaban;kończyą;False;
acabar, yo, pret. indefinido;acabar;kończyć;yo;pret_indefinido;acabé;skończyłem;False;
acabar, tu, pret. indefinido;acabar;kończyć;tu;pret_indefinido;acabaste;skończyłeś;False;
acabar, el, pret. indefinido;acabar;kończyć;el;pret_indefinido;acabó;skończył;False;
acabar, ns, pret. indefinido;acabar;kończyć;ns;pret_indefinido;acabamos;skończyliśmy;False;
acabar, vs, pret. indefinido;acabar;kończyć;vs;pret_indefinido;acabasteis;skończyliście;False;
acabar, ellos, pret. indefinido;acabar;kończyć;ellos;pret_indefinido;acabaron;skończyli;False;
acabar, yo, pret. perfecto;acabar;kończyć;yo;pret_perfecto;he acabado;;False;
acabar, tu, pret. perfecto;acabar;kończyć;tu;pret_perfecto;has acabado;;False;
acabar, el, pret. perfecto;acabar;kończyć;el;pret_perfecto;ha acabado;;False;
acabar, ns, pret. perfecto;acabar;kończyć;ns;pret_perfecto;hemos acabado;;False;
acabar, vs, pret. perfecto;acabar;kończyć;vs;pret_perfecto;habéis acabado;;False;
acabar, ellos, pret. perfecto;acabar;kończyć;ellos;pret_perfecto;han acabado;;False;
acostarse, yo, presente;acostarse;położyć się;yo;presente;me acuesto;kładę się;True;
acostarse, tu, presente;acostarse;położyć się;tu;presente;te acuestas;kładziesz się;True;
acostarse, el, presente;acostarse;położyć się;el;presente;se acuesta;kładzie się;True;
acostarse, ns, presente;acostarse;położyć się;ns;presente;nos acostamos;kładziemy się;False;
acostarse, vs, presente;acostarse;położyć się;vs;presente;os acostáis;kładziecie się;False;
acostarse, ellos, presente;acostarse;położyć się;ellos;presente;se acuestan;kładą się;True;
acostarse, yo, pret. indefinido;acostarse;położyć się;yo;pret_indefinido;me acosté;położyłem się;False;
acostarse, tu, pret. indefinido;acostarse;położyć się;tu;pret_indefinido;te acostaste;położyłeś się;False;
acostarse, el, pret. indefinido;acostarse;położyć się;el;pret_indefinido;se acostó;położył się;False;
acostarse, ns, pret. indefinido;acostarse;położyć się;ns;pret_indefinido;nos acostamos;położyliśmy się;False;
acostarse, vs, pret. indefinido;acostarse;położyć się;vs;pret_indefinido;os acostasteis;położyliście się;False;
acostarse, ellos, pret. indefinido;acostarse;położyć się;ellos;pret_indefinido;se acostaron;położyli się;False;
acostarse, yo, pret. perfecto;acostarse;położyć się;yo;pret_perfecto;me he acostado;;False;
acostarse, tu, pret. perfecto;acostarse;położyć się;tu;pret_perfecto;te has acostado;;False;
acostarse, el, pret. perfecto;acostarse;położyć się;el;pret_perfecto;se ha acostado;;False;
acostarse, ns, pret. perfecto;acostarse;położyć się;ns;pret_perfecto;nos hemos acostado;;False;
acostarse, vs, pret. perfecto;acostarse;położyć się;vs;pret_perfecto;os habéis acostado;;False;
acostarse, ellos, pret. perfecto;acostarse;położyć się;ellos;pret_perfecto;se han acostado;;False;
alquilar, yo, presente;alquilar;wynajmować;yo;presente;alquilo;wynajmuję;False;
alquilar, tu, presente;alquilar;wynajmować;tu;presente;alquilas;wynajmujesz;False;
alquilar, el, presente;alquilar;wynajmować;el;presente;alquila;wynajmuje;False;
alquilar, ns, presente;alquilar;wynajmować;ns;presente;alquilamos;wynajmujemy;False;
alquilar, vs, presente;alquilar;wynajmować;vs;presente;alquiláis;wynajmujecie;False;
alquilar, ellos, presente;alquilar;wynajmować;ellos;presente;alquilan;wynajmują;False;
alquilar, yo, pret. indefinido;alquilar;wynajmować;yo;pret_indefinido;alquilé;wynajmowałem;False;
alquilar, tu, pret. indefinido;alquilar;wynajmować;tu;pret_indefinido;alquilaste;wynajmowałeś;False;
alquilar, el, pret. indefinido;alquilar;wynajmować;el;pret_indefinido;alquiló;wynajmował;False;
alquilar, ns, pret. indefinido;alquilar;wynajmować;ns;pret_indefinido;alquilamos;wynajmowaliśmy;False;
alquilar, vs, pret. indefinido;alquilar;wynajmować;vs;pret_indefinido;alquilasteis;wynajmowaliście;False;
alquilar, ellos, pret. indefinido;alquilar;wynajmować;ellos;pret_indefinido;alquilaron;wynajmowali;False;
alquilar, yo, pret. perfecto;alquilar;wynajmować;yo;pret_perfecto;he alquilado;;False;
alquilar, tu, pret. perfecto;alquilar;wynajmować;tu;pret_perfecto;has alquilado;;False;
alquilar, el, pret. perfecto;alquilar;wynajmować;el;pret_perfecto;ha alquilado;;False;
alquilar, ns, pret. perfecto;alquilar;wynajmować;ns;pret_perfecto;hemos alquilado;;False;
alquilar, vs, pret. perfecto;alquilar;wynajmować;vs;pret_perfecto;habéis alquilado;;False;
alquilar, ellos, pret. perfecto;alquilar;wynajmować;ellos;pret_perfecto;han alquilado;;False;
andar, yo, presente;andar;chodzić;yo;presente;ando;;False;
andar, tu, presente;andar;chodzić;tu;presente;andas;;False;
andar, el, presente;andar;chodzić;el;presente;anda;;False;
andar, ns, presente;andar;chodzić;ns;presente;andamos;;False;
andar, vs, presente;andar;chodzić;vs;presente;andáis;;False;
andar, ellos, presente;andar;chodzić;ellos;presente;andan;;False;
andar, yo, pret. indefinido;andar;chodzić;yo;pret_indefinido;anduve;;True;
andar, tu, pret. indefinido;andar;chodzić;tu;pret_indefinido;anduviste;;True;
andar, el, pret. indefinido;andar;chodzić;el;pret_indefinido;anduvo;;True;
andar, ns, pret. indefinido;andar;chodzić;ns;pret_indefinido;anduvimos;;True;
andar, vs, pret. indefinido;andar;chodzić;vs;pret_indefinido;anduvisteis;;True;
andar, ellos, pret. indefinido;andar;chodzić;ellos;pret_indefinido;anduvieron;;True;
andar, yo, pret. perfecto;andar;chodzić;yo;pret_perfecto;he andado;;False;
andar, tu, pret. perfecto;andar;chodzić;tu;pret_perfecto;has andado;;False;
andar, el, pret. perfecto;andar;chodzić;el;pret_perfecto;ha andado;;False;
andar, ns, pret. perfecto;andar;chodzić;ns;pret_perfecto;hemos andado;;False;
andar, vs, pret. perfecto;andar;chodzić;vs;pret_perfecto;habéis andado;;False;
andar, ellos, pret. perfecto;andar;chodzić;ellos;pret_perfecto;han andado;;False;
cenar, yo, presente;cenar;jeść kolację;yo;presente;ceno;;False;
cenar, tu, presente;cenar;jeść kolację;tu;presente;cenas;;False;
cenar, el, presente;cenar;jeść kolację;el;presente;cena;;False;
cenar, ns, presente;cenar;jeść kolację;ns;presente;cenamos;;False;
cenar, vs, presente;cenar;jeść kolację;vs;presente;cenáis;;False;
cenar, ellos, presente;cenar;jeść kolację;ellos;presente;cenan;;False;
cenar, yo, pret. indefinido;cenar;jeść kolację;yo;pret_indefinido;cené;;False;
cenar, tu, pret. indefinido;cenar;jeść kolację;tu;pret_indefinido;cenaste;;False;
cenar, el, pret. indefinido;cenar;jeść kolację;el;pret_indefinido;cenó;;False;
cenar, ns, pret. indefinido;cenar;jeść kolację;ns;pret_indefinido;cenamos;;False;
cenar, vs, pret. indefinido;cenar;jeść kolację;vs;pret_indefinido;cenasteis;;False;
cenar, ellos, pret. indefinido;cenar;jeść kolację;ellos;pret_indefinido;cenaron;;False;
cenar, yo, pret. perfecto;cenar;jeść kolację;yo;pret_perfecto;he cenado;;False;
cenar, tu, pret. perfecto;cenar;jeść kolację;tu;pret_perfecto;has cenado;;False;
cenar, el, pret. perfecto;cenar;jeść kolację;el;pret_perfecto;ha cenado;;False;
cenar, ns, pret. perfecto;cenar;jeść kolację;ns;pret_perfecto;hemos cenado;;False;
cenar, vs, pret. perfecto;cenar;jeść kolację;vs;pret_perfecto;habéis cenado;;False;
cenar, ellos, pret. perfecto;cenar;jeść kolację;ellos;pret_perfecto;han cenado;;False;
cerrar, yo, presente;cerrar;zamykać;yo;presente;cierro;zamykam;True;
cerrar, tu, presente;cerrar;zamykać;tu;presente;cierras;zamykasz;True;
cerrar, el, presente;cerrar;zamykać;el;presente;cierra;zamyka;True;
cerrar, ns, presente;cerrar;zamykać;ns;presente;cerramos;zamykamy;False;
cerrar, vs, presente;cerrar;zamykać;vs;presente;cerráis;zamykacie;False;
cerrar, ellos, presente;cerrar;zamykać;ellos;presente;cierran;zamykaą;True;
cerrar, yo, pret. indefinido;cerrar;zamykać;yo;pret_indefinido;cerré;zamykałem;False;
cerrar, tu, pret. indefinido;cerrar;zamykać;tu;pret_indefinido;cerraste;zamykałeś;False;
cerrar, el, pret. indefinido;cerrar;zamykać;el;pret_indefinido;cerró;zamykał;False;
cerrar, ns, pret. indefinido;cerrar;zamykać;ns;pret_indefinido;cerramos;zamykaliśmy;False;
cerrar, vs, pret. indefinido;cerrar;zamykać;vs;pret_indefinido;cerrasteis;zamykaliście;False;
cerrar, ellos, pret. indefinido;cerrar;zamykać;ellos;pret_indefinido;cerraron;zamykali;False;
cerrar, yo, pret. perfecto;cerrar;zamykać;yo;pret_perfecto;he cerrado;;False;
cerrar, tu, pret. perfecto;cerrar;zamykać;tu;pret_perfecto;has cerrado;;False;
cerrar, el, pret. perfecto;cerrar;zamykać;el;pret_perfecto;ha cerrado;;False;
cerrar, ns, pret. perfecto;cerrar;zamykać;ns;pret_perfecto;hemos cerrado;;False;
cerrar, vs, pret. perfecto;cerrar;zamykać;vs;pret_perfecto;habéis cerrado;;False;
cerrar, ellos, pret. perfecto;cerrar;zamykać;ellos;pret_perfecto;han cerrado;;False;
comer, yo, presente;comer;jeść;yo;presente;como;ję;False;
comer, tu, presente;comer;jeść;tu;presente;comes;jesz;False;
comer, el, presente;comer;jeść;el;presente;come;je;False;
comer, ns, presente;comer;jeść;ns;presente;comemos;jemy;False;
comer, vs, presente;comer;jeść;vs;presente;coméis;jecie;False;
comer, ellos, presente;comer;jeść;ellos;presente;comen;ją;False;
comer, yo, pret. indefinido;comer;jeść;yo;pret_indefinido;comí;jadłem;False;
comer, tu, pret. indefinido;comer;jeść;tu;pret_indefinido;comiste;jadłeś;False;
comer, el, pret. indefinido;comer;jeść;el;pret_indefinido;comió;jadł;False;
comer, ns, pret. indefinido;comer;jeść;ns;pret_indefinido;comimos;jedliśmy;False;
comer, vs, pret. indefinido;comer;jeść;vs;pret_indefinido;comisteis;jedliście;False;
comer, ellos, pret. indefinido;comer;jeść;ellos;pret_indefinido;comieron;jedli;False;
comer, yo, pret. perfecto;comer;jeść;yo;pret_perfecto;he comido;;False;
comer, tu, pret. perfecto;comer;jeść;tu;pret_perfecto;has comido;;False;
comer, el, pret. perfecto;comer;jeść;el;pret_perfecto;ha comido;;False;
comer, ns, pret. perfecto;comer;jeść;ns;pret_perfecto;hemos comido;;False;
comer, vs, pret. perfecto;comer;jeść;vs;pret_perfecto;habéis comido;;False;
comer, ellos, pret. perfecto;comer;jeść;ellos;pret_perfecto;han comido;;False;
comprar, yo, presente;comprar;kupować;yo;presente;compro;kupuję;False;
comprar, tu, presente;comprar;kupować;tu;presente;compras;kupujesz;False;
comprar, el, presente;comprar;kupować;el;presente;compra;kupuje;False;
comprar, ns, presente;comprar;kupować;ns;presente;compramos;kupujemy;False;
comprar, vs, presente;comprar;kupować;vs;presente;compráis;kupujecie;False;
comprar, ellos, presente;comprar;kupować;ellos;presente;compran;kupują;False;
comprar, yo, pret. indefinido;comprar;kupować;yo;pret_indefinido;compré;kupiłem;False;
comprar, tu, pret. indefinido;comprar;kupować;tu;pret_indefinido;compraste;kupiłeś;False;
comprar, el, pret. indefinido;comprar;kupować;el;pret_indefinido;compró;kupił;False;
comprar, ns, pret. indefinido;comprar;kupować;ns;pret_indefinido;compramos;kupiliśmy;False;
comprar, vs, pret. indefinido;comprar;kupować;vs;pret_indefinido;comprasteis;kupiliście;False;
comprar, ellos, pret. indefinido;comprar;kupować;ellos;pret_indefinido;compraron;kupili;False;
comprar, yo, pret. perfecto;comprar;kupować;yo;pret_perfecto;he comprado;;False;
comprar, tu, pret. perfecto;comprar;kupować;tu;pret_perfecto;has comprado;;False;
comprar, el, pret. perfecto;comprar;kupować;el;pret_perfecto;ha comprado;;False;
comprar, ns, pret. perfecto;comprar;kupować;ns;pret_perfecto;hemos comprado;;False;
comprar, vs, pret. perfecto;comprar;kupować;vs;pret_perfecto;habéis comprado;;False;
comprar, ellos, pret. perfecto;comprar;kupować;ellos;pret_perfecto;han comprado;;False;
conocer, yo, presente;conocer;znać;yo;presente;conozco;znam;True;
conocer, tu, presente;conocer;znać;tu;presente;conoces;znasz;False;
conocer, el, presente;conocer;znać;el;presente;conoce;zna;False;
conocer, ns, presente;conocer;znać;ns;presente;conocemos;znamy;False;
conocer, vs, presente;conocer;znać;vs;presente;conocéis;znacie;False;
conocer, ellos, presente;conocer;znać;ellos;presente;conocen;znaą;False;
conocer, yo, pret. indefinido;conocer;znać;yo;pret_indefinido;conocí;znałem;False;
conocer, tu, pret. indefinido;conocer;znać;tu;pret_indefinido;conociste;znałeś;False;
conocer, el, pret. indefinido;conocer;znać;el;pret_indefinido;conoció;znał;False;
conocer, ns, pret. indefinido;conocer;znać;ns;pret_indefinido;conocimos;znaliśmy;False;
conocer, vs, pret. indefinido;conocer;znać;vs;pret_indefinido;conocisteis;znaliście;False;
conocer, ellos, pret. indefinido;conocer;znać;ellos;pret_indefinido;conocieron;znali;False;
conocer, yo, pret. perfecto;conocer;znać;yo;pret_perfecto;he conocido;;False;
conocer, tu, pret. perfecto;conocer;znać;tu;pret_perfecto;has conocido;;False;
conocer, el, pret. perfecto;conocer;znać;el;pret_perfecto;ha conocido;;False;
conocer, ns, pret. perfecto;conocer;znać;ns;pret_perfecto;hemos conocido;;False;
conocer, vs, pret. perfecto;conocer;znać;vs;pret_perfecto;habéis conocido;;False;
conocer, ellos, pret. perfecto;conocer;znać;ellos;pret_perfecto;han conocido;;False;
conseguir, yo, presente;conseguir;zyskać;yo;presente;consigo;zyskuję;True;
conseguir, tu, presente;conseguir;zyskać;tu;presente;consigues;zyskujesz;True;
conseguir, el, presente;conseguir;zyskać;el;presente;consigue;zyskuje;True;
conseguir, ns, presente;conseguir;zyskać;ns;presente;conseguimos;zyskujemy;False;
conseguir, vs, presente;conseguir;zyskać;vs;presente;conseguís;zyskujecie;False;
conseguir, ellos, presente;conseguir;zyskać;ellos;presente;consiguen;zyskują;True;
conseguir, yo, pret. indefinido;conseguir;zyskać;yo;pret_indefinido;conseguí;zyskałem;False;
conseguir, tu, pret. indefinido;conseguir;zyskać;tu;pret_indefinido;conseguiste;zyskałeś;False;
conseguir, el, pret. indefinido;conseguir;zyskać;el;pret_indefinido;consiguió;zyskał;True;
conseguir, ns, pret. indefinido;conseguir;zyskać;ns;pret_indefinido;conseguimos;zyskaliśmy;False;
conseguir, vs, pret. indefinido;conseguir;zyskać;vs;pret_indefinido;conseguisteis;zyskaliście;False;
conseguir, ellos, pret. indefinido;conseguir;zyskać;ellos;pret_indefinido;consiguieron;zyskali;True;
conseguir, yo, pret. perfecto;conseguir;zyskać;yo;pret_perfecto;he conseguido;;False;
conseguir, tu, pret. perfecto;conseguir;zyskać;tu;pret_perfecto;has conseguido;;False;
conseguir, el, pret. perfecto;conseguir;zyskać;el;pret_perfecto;ha conseguido;;False;
conseguir, ns, pret. perfecto;conseguir;zyskać;ns;pret_perfecto;hemos conseguido;;False;
conseguir, vs, pret. perfecto;conseguir;zyskać;vs;pret_perfecto;habéis conseguido;;False;
conseguir, ellos, pret. perfecto;conseguir;zyskać;ellos;pret_perfecto;han conseguido;;False;
contar, yo, presente;contar;liczyć;yo;presente;cuento;;True;
contar, tu, presente;contar;liczyć;tu;presente;cuentas;;True;
contar, el, presente;contar;liczyć;el;presente;cuenta;;True;
contar, ns, presente;contar;liczyć;ns;presente;contamos;;False;
contar, vs, presente;contar;liczyć;vs;presente;contáis;;False;
contar, ellos, presente;contar;liczyć;ellos;presente;cuentan;;True;
contar, yo, pret. indefinido;contar;liczyć;yo;pret_indefinido;conté;;False;
contar, tu, pret. indefinido;contar;liczyć;tu;pret_indefinido;contaste;;False;
contar, el, pret. indefinido;contar;liczyć;el;pret_indefinido;contó;;False;
contar, ns, pret. indefinido;contar;liczyć;ns;pret_indefinido;contamos;;False;
contar, vs, pret. indefinido;contar;liczyć;vs;pret_indefinido;contasteis;;False;
contar, ellos, pret. indefinido;contar;liczyć;ellos;pret_indefinido;contaron;;False;
contar, yo, pret. perfecto;contar;liczyć;yo;pret_perfecto;he contado;;False;
contar, tu, pret. perfecto;contar;liczyć;tu;pret_perfecto;has contado;;False;
contar, el, pret. perfecto;contar;liczyć;el;pret_perfecto;ha contado;;False;
contar, ns, pret. perfecto;contar;liczyć;ns;pret_perfecto;hemos contado;;False;
contar, vs, pret. perfecto;contar;liczyć;vs;pret_perfecto;habéis contado;;False;
contar, ellos, pret. perfecto;contar;liczyć;ellos;pret_perfecto;han contado;;False;
dar, yo, presente;dar;dać;yo;presente;doy;daję;True;
dar, tu, presente;dar;dać;tu;presente;das;dajesz;False;
dar, el, presente;dar;dać;el;presente;da;daje;False;
dar, ns, presente;dar;dać;ns;presente;damos;dajemy;False;
dar, vs, presente;dar;dać;vs;presente;dais;dajecie;True;
dar, ellos, presente;dar;dać;ellos;presente;dan;dają;False;
dar, yo, pret. indefinido;dar;dać;yo;pret_indefinido;di;dałem;True;
dar, tu, pret. indefinido;dar;dać;tu;pret_indefinido;diste;dałeś;True;
dar, el, pret. indefinido;dar;dać;el;pret_indefinido;dio;dał;True;
dar, ns, pret. indefinido;dar;dać;ns;pret_indefinido;dimos;daliśmy;True;
dar, vs, pret. indefinido;dar;dać;vs;pret_indefinido;disteis;daliście;True;
dar, ellos, pret. indefinido;dar;dać;ellos;pret_indefinido;dieron;dali;True;
dar, yo, pret. perfecto;dar;dać;yo;pret_perfecto;he dado;;False;
dar, tu, pret. perfecto;dar;dać;tu;pret_perfecto;has dado;;False;
dar, el, pret. perfecto;dar;dać;el;pret_perfecto;ha dado;;False;
dar, ns, pret. perfecto;dar;dać;ns;pret_perfecto;hemos dado;;False;
dar, vs, pret. perfecto;dar;dać;vs;pret_perfecto;habéis dado;;False;
dar, ellos, pret. perfecto;dar;dać;ellos;pret_perfecto;han dado;;False;
decir, yo, presente;decir;mówić;yo;presente;digo;mówię;True;
decir, tu, presente;decir;mówić;tu;presente;dices;mówisz;True;
decir, el, presente;decir;mówić;el;presente;dice;mówi;True;
decir, ns, presente;decir;mówić;ns;presente;decimos;mówimy;False;
decir, vs, presente;decir;mówić;vs;presente;decís;mówicie;False;
decir, ellos, presente;decir;mówić;ellos;presente;dicen;mówią;True;
decir, yo, pret. indefinido;decir;mówić;yo;pret_indefinido;dije;mówiłem;True;
decir, tu, pret. indefinido;decir;mówić;tu;pret_indefinido;dijiste;mówiłeś;True;
decir, el, pret. indefinido;decir;mówić;el;pret_indefinido;dijo;mówił;True;
decir, ns, pret. indefinido;decir;mówić;ns;pret_indefinido;dijimos;mówiliśmy;True;
decir, vs, pret. indefinido;decir;mówić;vs;pret_indefinido;dijisteis;mówiliście;True;
decir, ellos, pret. indefinido;decir;mówić;ellos;pret_indefinido;dijeron;mówili;True;
decir, yo, pret. perfecto;decir;mówić;yo;pret_perfecto;he dicho;;True;
decir, tu, pret. perfecto;decir;mówić;tu;pret_perfecto;has dicho;;True;
decir, el, pret. perfecto;decir;mówić;el;pret_perfecto;ha dicho;;True;
decir, ns, pret. perfecto;decir;mówić;ns;pret_perfecto;hemos dicho;;True;
decir, vs, pret. perfecto;decir;mówić;vs;pret_perfecto;habéis dicho;;True;
decir, ellos, pret. perfecto;decir;mówić;ellos;pret_perfecto;han dicho;;True;
desayunar, yo, presente;desayunar;jeść śniadanie;yo;presente;desayuno;;False;
desayunar, tu, presente;desayunar;jeść śniadanie;tu;presente;desayunas;;False;
desayunar, el, presente;desayunar;jeść śniadanie;el;presente;desayuna;;False;
desayunar, ns, presente;desayunar;jeść śniadanie;ns;presente;desayunamos;;False;
desayunar, vs, presente;desayunar;jeść śniadanie;vs;presente;desayunáis;;False;
desayunar, ellos, presente;desayunar;jeść śniadanie;ellos;presente;desayunan;;False;
desayunar, yo, pret. indefinido;desayunar;jeść śniadanie;yo;pret_indefinido;desayuné;;False;
desayunar, tu, pret. indefinido;desayunar;jeść śniadanie;tu;pret_indefinido;desayunaste;;False;
desayunar, el, pret. indefinido;desayunar;jeść śniadanie;el;pret_indefinido;desayunó;;False;
desayunar, ns, pret. indefinido;desayunar;jeść śniadanie;ns;pret_indefinido;desayunamos;;False;
desayunar, vs, pret. indefinido;desayunar;jeść śniadanie;vs;pret_indefinido;desayunasteis;;False;
desayunar, ellos, pret. indefinido;desayunar;jeść śniadanie;ellos;pret_indefinido;desayunaron;;False;
desayunar, yo, pret. perfecto;desayunar;jeść śniadanie;yo;pret_perfecto;he desayunado;;False;
desayunar, tu, pret. perfecto;desayunar;jeść śniadanie;tu;pret_perfecto;has desayunado;;False;
desayunar, el, pret. perfecto;desayunar;jeść śniadanie;el;pret_perfecto;ha desayunado;;False;
desayunar, ns, pret. perfecto;desayunar;jeść śniadanie;ns;pret_perfecto;hemos desayunado;;False;
desayunar, vs, pret. perfecto;desayunar;jeść śniadanie;vs;pret_perfecto;habéis desayunado;;False;
desayunar, ellos, pret. perfecto;desayunar;jeść śniadanie;ellos;pret_perfecto;han desayunado;;False;
descubrir, yo, presente;descubrir;odkryć;yo;presente;descubro;odkrywam;False;
descubrir, tu, presente;descubrir;odkryć;tu;presente;descubres;odkrywasz;False;
descubrir, el, presente;descubrir;odkryć;el;presente;descubre;odkrywa;False;
descubrir, ns, presente;descubrir;odkryć;ns;presente;descubrimos;odkrywamy;False;
descubrir, vs, presente;descubrir;odkryć;vs;presente;descubrís;odkrywacie;False;
descubrir, ellos, presente;descubrir;odkryć;ellos;presente;descubren;odkrywaą;False;
descubrir, yo, pret. indefinido;descubrir;odkryć;yo;pret_indefinido;descubrí;odkryłem;False;
descubrir, tu, pret. indefinido;descubrir;odkryć;tu;pret_indefinido;descubriste;odkryłeś;False;
descubrir, el, pret. indefinido;descubrir;odkryć;el;pret_indefinido;descubrió;odkrył;False;
descubrir, ns, pret. indefinido;descubrir;odkryć;ns;pret_indefinido;descubrimos;odkryliśmy;False;
descubrir, vs, pret. indefinido;descubrir;odkryć;vs;pret_indefinido;descubristeis;odkryliście;False;
descubrir, ellos, pret. indefinido;descubrir;odkryć;ellos;pret_indefinido;descubrieron;odkryli;False;
descubrir, yo, pret. perfecto;descubrir;odkryć;yo;pret_perfecto;he descubierto;;True;
descubrir, tu, pret. perfecto;descubrir;odkryć;tu;pret_perfecto;has descubierto;;True;
descubrir, el, pret. perfecto;descubrir;odkryć;el;pret_perfecto;ha descubierto;;True;
descubrir, ns, pret. perfecto;descubrir;odkryć;ns;pret_perfecto;hemos descubierto;;True;
descubrir, vs, pret. perfecto;descubrir;odkryć;vs;pret_perfecto;habéis descubierto;;True;
descubrir, ellos, pret. perfecto;descubrir;odkryć;ellos;pret_perfecto;han descubierto;;True;
despertarse, yo, presente;despertarse;budzić się;yo;presente;me despierto;budzę się;True;
despertarse, tu, presente;despertarse;budzić się;tu;presente;te despiertas;budzisz się;True;
despertarse, el, presente;despertarse;budzić się;el;presente;se despierta;budzi się;True;
despertarse, ns, presente;despertarse;budzić się;ns;presente;nos despertamos;budzimy się;False;
despertarse, vs, presente;despertarse;budzić się;vs;presente;os despertáis;budzicie się;False;
despertarse, ellos, presente;despertarse;budzić się;ellos;presente;se despiertan;budzą się;True;
despertarse, yo, pret. indefinido;despertarse;budzić się;yo;pret_indefinido;me desperté;budziłem się;False;
despertarse, tu, pret. indefinido;despertarse;budzić się;tu;pret_indefinido;te despertaste;budziłeś się;False;
despertarse, el, pret. indefinido;despertarse;budzić się;el;pret_indefinido;se despertó;budził się;False;
despertarse, ns, pret. indefinido;despertarse;budzić się;ns;pret_indefinido;nos despertamos;budziliśmy się;False;
despertarse, vs, pret. indefinido;despertarse;budzić się;vs;pret_indefinido;os despertasteis;budziliście się;False;
despertarse, ellos, pret. indefinido;despertarse;budzić się;ellos;pret_indefinido;se despertaron;budzili się;False;
despertarse, yo, pret. perfecto;despertarse;budzić się;yo;pret_perfecto;me he despertado;;False;
despertarse, tu, pret. perfecto;despertarse;budzić się;tu;pret_perfecto;te has despertado;;False;
despertarse, el, pret. perfecto;despertarse;budzić się;el;pret_perfecto;se ha despertado;;False;
despertarse, ns, pret. perfecto;despertarse;budzić się;ns;pret_perfecto;nos hemos despertado;;False;
despertarse, vs, pret. perfecto;despertarse;budzić się;vs;pret_perfecto;os habéis despertado;;False;
despertarse, ellos, pret. perfecto;despertarse;budzić się;ellos;pret_perfecto;se han despertado;;False;
dormir, yo, presente;dormir;spać;yo;presente;duermo;śpę;True;
dormir, tu, presente;dormir;spać;tu;presente;duermes;śpisz;True;
dormir, el, presente;dormir;spać;el;presente;duerme;śpi;True;
dormir, ns, presente;dormir;spać;ns;presente;dormimos;śpimy;False;
dormir, vs, presente;dormir;spać;vs;presente;dormís;śpicie;False;
dormir, ellos, presente;dormir;spać;ellos;presente;duermen;śpią;True;
dormir, yo, pret. indefinido;dormir;spać;yo;pret_indefinido;dormí;spałem;False;
dormir, tu, pret. indefinido;dormir;spać;tu;pret_indefinido;dormiste;spałeś;False;
dormir, el, pret. indefinido;dormir;spać;el;pret_indefinido;durmió;spał;True;
dormir, ns, pret. indefinido;dormir;spać;ns;pret_indefinido;dormimos;spaliśmy;False;
dormir, vs, pret. indefinido;dormir;spać;vs;pret_indefinido;dormisteis;spaliście;False;
dormir, ellos, pret. indefinido;dormir;spać;ellos;pret_indefinido;durmieron;spali;True;
dormir, yo, pret. perfecto;dormir;spać;yo;pret_perfecto;he dormido;;False;
dormir, tu, pret. perfecto;dormir;spać;tu;pret_perfecto;has dormido;;False;
dormir, el, pret. perfecto;dormir;spać;el;pret_perfecto;ha dormido;;False;
dormir, ns, pret. perfecto;dormir;spać;ns;pret_perfecto;hemos dormido;;False;
dormir, vs, pret. perfecto;dormir;spać;vs;pret_perfecto;habéis dormido;;False;
dormir, ellos, pret. perfecto;dormir;spać;ellos;pret_perfecto;han dormido;;False;
empezar, yo, presente;empezar;zaczynać;yo;presente;empiezo;zaczynam;True;
empezar, tu, presente;empezar;zaczynać;tu;presente;empiezas;zaczynasz;True;
empezar, el, presente;empezar;zaczynać;el;presente;empieza;zaczyna;True;
empezar, ns, presente;empezar;zaczynać;ns;presente;empezamos;zaczynamy;False;
empezar, vs, presente;empezar;zaczynać;vs;presente;empezáis;zaczynacie;False;
empezar, ellos, presente;empezar;zaczynać;ellos;presente;empiezan;zaczynaą;True;
empezar, yo, pret. indefinido;empezar;zaczynać;yo;pret_indefinido;empecé;zaczynałem;True;
empezar, tu, pret. indefinido;empezar;zaczynać;tu;pret_indefinido;empezaste;zaczynałeś;False;
empezar, el, pret. indefinido;empezar;zaczynać;el;pret_indefinido;empezó;zaczynał;False;
empezar, ns, pret. indefinido;empezar;zaczynać;ns;pret_indefinido;empezamos;zaczynaliśmy;False;
empezar, vs, pret. indefinido;empezar;zaczynać;vs;pret_indefinido;empezasteis;zaczynaliście;False;
empezar, ellos, pret. indefinido;empezar;zaczynać;ellos;pret_indefinido;empezaron;zaczynali;False;
empezar, yo, pret. perfecto;empezar;zaczynać;yo;pret_perfecto;he empezado;;False;
empezar, tu, pret. perfecto;empezar;zaczynać;tu;pret_perfecto;has empezado;;False;
empezar, el, pret. perfecto;empezar;zaczynać;el;pret_perfecto;ha empezado;;False;
empezar, ns, pret. perfecto;empezar;zaczynać;ns;pret_perfecto;hemos empezado;;False;
empezar, vs, pret. perfecto;empezar;zaczynać;vs;pret_perfecto;habéis empezado;;False;
empezar, ellos, pret. perfecto;empezar;zaczynać;ellos;pret_perfecto;han empezado;;False;
escribir, yo, presente;escribir;pisać;yo;presente;escribo;piszę;False;
escribir, tu, presente;escribir;pisać;tu;presente;escribes;piszesz;False;
escribir, el, presente;escribir;pisać;el;presente;escribe;pisze;False;
escribir, ns, presente;escribir;pisać;ns;presente;escribimos;piszemy;False;
escribir, vs, presente;escribir;pisać;vs;presente;escribís;piszecie;False;
escribir, ellos, presente;escribir;pisać;ellos;presente;escriben;piszą;False;
escribir, yo, pret. indefinido;escribir;pisać;yo;pret_indefinido;escribí;pisałem;False;
escribir, tu, pret. indefinido;escribir;pisać;tu;pret_indefinido;escribiste;pisałeś;False;
escribir, el, pret. indefinido;escribir;pisać;el;pret_indefinido;escribió;pisał;False;
escribir, ns, pret. indefinido;escribir;pisać;ns;pret_indefinido;escribimos;pisaliśmy;False;
escribir, vs, pret. indefinido;escribir;pisać;vs;pret_indefinido;escribisteis;pisaliście;False;
escribir, ellos, pret. indefinido;escribir;pisać;ellos;pret_indefinido;escribieron;pisali;False;
escribir, yo, pret. perfecto;escribir;pisać;yo;pret_perfecto;he escrito;;True;
escribir, tu, pret. perfecto;escribir;pisać;tu;pret_perfecto;has escrito;;True;
escribir, el, pret. perfecto;escribir;pisać;el;pret_perfecto;ha escrito;;True;
escribir, ns, pret. perfecto;escribir;pisać;ns;pret_perfecto;hemos escrito;;True;
escribir, vs, pret. perfecto;escribir;pisać;vs;pret_perfecto;habéis escrito;;True;
escribir, ellos, pret. perfecto;escribir;pisać;ellos;pret_perfecto;han escrito;;True;
esperar, yo, presente;esperar;czekać;yo;presente;espero;czekam;False;
esperar, tu, presente;esperar;czekać;tu;presente;esperas;czekasz;False;
esperar, el, presente;esperar;czekać;el;presente;espera;czeka;False;
esperar, ns, presente;esperar;czekać;ns;presente;esperamos;czekamy;False;
esperar, vs, presente;esperar;czekać;vs;presente;esperáis;czekacie;False;
esperar, ellos, presente;esperar;czekać;ellos;presente;esperan;czekaą;False;
esperar, yo, pret. indefinido;esperar;czekać;yo;pret_indefinido;esperé;czekałem;False;
esperar, tu, pret. indefinido;esperar;czekać;tu;pret_indefinido;esperaste;czekałeś;False;
esperar, el, pret. indefinido;esperar;czekać;el;pret_indefinido;esperó;czekał;False;
esperar, ns, pret. indefinido;esperar;czekać;ns;pret_indefinido;esperamos;czekaliśmy;False;
esperar, vs, pret. indefinido;esperar;czekać;vs;pret_indefinido;esperasteis;czekaliście;False;
esperar, ellos, pret. indefinido;esperar;czekać;ellos;pret_indefinido;esperaron;czekali;False;
esperar, yo, pret. perfecto;esperar;czekać;yo;pret_perfecto;he esperado;;False;
esperar, tu, pret. perfecto;esperar;czekać;tu;pret_perfecto;has esperado;;False;
esperar, el, pret. perfecto;esperar;czekać;el;pret_perfecto;ha esperado;;False;
esperar, ns, pret. perfecto;esperar;czekać;ns;pret_perfecto;hemos esperado;;False;
esperar, vs, pret. perfecto;esperar;czekać;vs;pret_perfecto;habéis esperado;;False;
esperar, ellos, pret. perfecto;esperar;czekać;ellos;pret_perfecto;han esperado;;False;
estar, yo, presente;estar;być;yo;presente;estoy;jestem;True;
estar, tu, presente;estar;być;tu;presente;estás;jesteś;True;
estar, el, presente;estar;być;el;presente;está;jest;True;
estar, ns, presente;estar;być;ns;presente;estamos;jestmy;False;
estar, vs, presente;estar;być;vs;presente;estáis;jestcie;False;
estar, ellos, presente;estar;być;ellos;presente;están;są;True;
estar, yo, pret. indefinido;estar;być;yo;pret_indefinido;estuve;byłem;True;
estar, tu, pret. indefinido;estar;być;tu;pret_indefinido;estuviste;byłeś;True;
estar, el, pret. indefinido;estar;być;el;pret_indefinido;estuvo;był;True;
estar, ns, pret. indefinido;estar;być;ns;pret_indefinido;estuvimos;byliśmy;True;
estar, vs, pret. indefinido;estar;być;vs;pret_indefinido;estuvisteis;byliście;True;
estar, ellos, pret. indefinido;estar;być;ellos;pret_indefinido;estuvieron;byli;True;
estar, yo, pret. perfecto;estar;być;yo;pret_perfecto;he estado;;False;
estar, tu, pret. perfecto;estar;być;tu;pret_perfecto;has estado;;False;
estar, el, pret. perfecto;estar;być;el;pret_perfecto;ha estado;;False;
estar, ns, pret. perfecto;estar;być;ns;pret_perfecto;hemos estado;;False;
estar, vs, pret. perfecto;estar;być;vs;pret_perfecto;habéis estado;;False;
estar, ellos, pret. perfecto;estar;być;ellos;pret_perfecto;han estado;;False;
haber, yo, presente;haber;egzystować;yo;presente;he;;True;
haber, tu, presente;haber;egzystować;tu;presente;has;;True;
haber, el, presente;haber;egzystować;el;presente;ha;;True;
haber, ns, presente;haber;egzystować;ns;presente;hemos;;True;
haber, vs, presente;haber;egzystować;vs;presente;habéis;;False;
haber, ellos, presente;haber;egzystować;ellos;presente;han;;True;
haber, yo, pret. indefinido;haber;egzystować;yo;pret_indefinido;hube;;True;
haber, tu, pret. indefinido;haber;egzystować;tu;pret_indefinido;hubiste;;True;
haber, el, pret. indefinido;haber;egzystować;el;pret_indefinido;hubo;;True;
haber, ns, pret. indefinido;haber;egzystować;ns;pret_indefinido;hubimos;;True;
haber, vs, pret. indefinido;haber;egzystować;vs;pret_indefinido;hubisteis;;True;
haber, ellos, pret. indefinido;haber;egzystować;ellos;pret_indefinido;hubieron;;True;
haber, yo, pret. perfecto;haber;egzystować;yo;pret_perfecto;he habido;;False;
haber, tu, pret. perfecto;haber;egzystować;tu;pret_perfecto;has habido;;False;
haber, el, pret. perfecto;haber;egzystować;el;pret_perfecto;ha habido;;False;
haber, ns, pret. perfecto;haber;egzystować;ns;pret_perfecto;hemos habido;;False;
haber, vs, pret. perfecto;haber;egzystować;vs;pret_perfecto;habéis habido;;False;
haber, ellos, pret. perfecto;haber;egzystować;ellos;pret_perfecto;han habido;;False;
hacer, yo, presente;hacer;robić;yo;presente;hago;;True;
hacer, tu, presente;hacer;robić;tu;presente;haces;;False;
hacer, el, presente;hacer;robić;el;presente;hace;;False;
hacer, ns, presente;hacer;robić;ns;presente;hacemos;;False;
hacer, vs, presente;hacer;robić;vs;presente;hacéis;;False;
hacer, ellos, presente;hacer;robić;ellos;presente;hacen;;False;
hacer, yo, pret. indefinido;hacer;robić;yo;pret_indefinido;hice;;True;
hacer, tu, pret. indefinido;hacer;robić;tu;pret_indefinido;hiciste;;True;
hacer, el, pret. indefinido;hacer;robić;el;pret_indefinido;hizo;;True;
hacer, ns, pret. indefinido;hacer;robić;ns;pret_indefinido;hicimos;;True;
hacer, vs, pret. indefinido;hacer;robić;vs;pret_indefinido;hicisteis;;True;
hacer, ellos, pret. indefinido;hacer;robić;ellos;pret_indefinido;hicieron;;True;
hacer, yo, pret. perfecto;hacer;robić;yo;pret_perfecto;he hecho;;True;
hacer, tu, pret. perfecto;hacer;robić;tu;pret_perfecto;has hecho;;True;
hacer, el, pret. perfecto;hacer;robić;el;pret_perfecto;ha hecho;;True;
hacer, ns, pret. perfecto;hacer;robić;ns;pret_perfecto;hemos hecho;;True;
hacer, vs, pret. perfecto;hacer;robić;vs;pret_perfecto;habéis hecho;;True;
hacer, ellos, pret. perfecto;hacer;robić;ellos;pret_perfecto;han hecho;;True;
ir, yo, presente;ir;iść;yo;presente;voy;idę;True;
ir, tu, presente;ir;iść;tu;presente;vas;idziesz;True;
ir, el, presente;ir;iść;el;presente;va;idzie;True;
ir, ns, presente;ir;iść;ns;presente;vamos;idziemy;True;
ir, vs, presente;ir;iść;vs;presente;vais;idziecie;True;
ir, ellos, presente;ir;iść;ellos;presente;van;idą;True;
ir, yo, pret. indefinido;ir;iść;yo;pret_indefinido;fui;szedłem;True;
ir, tu, pret. indefinido;ir;iść;tu;pret_indefinido;fuiste;szedłeś;True;
ir, el, pret. indefinido;ir;iść;el;pret_indefinido;fue;szedł;True;
ir, ns, pret. indefinido;ir;iść;ns;pret_indefinido;fuimos;szliśmy;True;
ir, vs, pret. indefinido;ir;iść;vs;pret_indefinido;fuisteis;szliście;True;
ir, ellos, pret. indefinido;ir;iść;ellos;pret_indefinido;fueron;szli;True;
ir, yo, pret. perfecto;ir;iść;yo;pret_perfecto;he ido;;False;
ir, tu, pret. perfecto;ir;iść;tu;pret_perfecto;has ido;;False;
ir, el, pret. perfecto;ir;iść;el;pret_perfecto;ha ido;;False;
ir, ns, pret. perfecto;ir;iść;ns;pret_perfecto;hemos ido;;False;
ir, vs, pret. perfecto;ir;iść;vs;pret_perfecto;habéis ido;;False;
ir, ellos, pret. perfecto;ir;iść;ellos;pret_perfecto;han ido;;False;
lavarse, yo, presente;lavarse;myć się;yo;presente;me lavo;myję się;False;
lavarse, tu, presente;lavarse;myć się;tu;presente;te lavas;myjesz się;False;
lavarse, el, presente;lavarse;myć się;el;presente;se lava;myje się;False;
lavarse, ns, presente;lavarse;myć się;ns;presente;nos lavamos;myjemy się;False;
lavarse, vs, presente;lavarse;myć się;vs;presente;os laváis;myjecie się;False;
lavarse, ellos, presente;lavarse;myć się;ellos;presente;se lavan;myją się;False;
lavarse, yo, pret. indefinido;lavarse;myć się;yo;pret_indefinido;me lavé;myłem się;False;
lavarse, tu, pret. indefinido;lavarse;myć się;tu;pret_indefinido;te lavaste;myłeś się;False;
lavarse, el, pret. indefinido;lavarse;myć się;el;pret_indefinido;se lavó;mył się;False;
lavarse, ns, pret. indefinido;lavarse;myć się;ns;pret_indefinido;nos lavamos;myliśmy się;False;
lavarse, vs, pret. indefinido;lavarse;myć się;vs;pret_indefinido;os lavasteis;myliście się;False;
lavarse, ellos, pret. indefinido;lavarse;myć się;ellos;pret_indefinido;se lavaron;myli się;False;
lavarse, yo, pret. perfecto;lavarse;myć się;yo;pret_perfecto;me he lavado;;False;
lavarse, tu, pret. perfecto;lavarse;myć się;tu;pret_perfecto;te has lavado;;False;
lavarse, el, pret. perfecto;lavarse;myć się;el;pret_perfecto;se ha lavado;;False;
lavarse, ns, pret. perfecto;lavarse;myć się;ns;pret_perfecto;nos hemos lavado;;False;
lavarse, vs, pret. perfecto;lavarse;myć się;vs;pret_perfecto;os habéis lavado;;False;
lavarse, ellos, pret. perfecto;lavarse;myć się;ellos;pret_perfecto;se han lavado;;False;
levantarse, yo, presente;levantarse;wstać; obudzić się;yo;presente;me levanto;wstaję się;False;
levantarse, tu, presente;levantarse;wstać; obudzić się;tu;presente;te levantas;wstajesz się;False;
levantarse, el, presente;levantarse;wstać; obudzić się;el;presente;se levanta;wstaje się;False;
levantarse, ns, presente;levantarse;wstać; obudzić się;ns;presente;nos levantamos;wstajemy się;False;
levantarse, vs, presente;levantarse;wstać; obudzić się;vs;presente;os levantáis;wstajecie się;False;
levantarse, ellos, presente;levantarse;wstać; obudzić się;ellos;presente;se levantan;wstają się;False;
levantarse, yo, pret. indefinido;levantarse;wstać; obudzić się;yo;pret_indefinido;me levanté;wstałem się;False;
levantarse, tu, pret. indefinido;levantarse;wstać; obudzić się;tu;pret_indefinido;te levantaste;wstałeś się;False;
levantarse, el, pret. indefinido;levantarse;wstać; obudzić się;el;pret_indefinido;se levantó;wstał się;False;
levantarse, ns, pret. indefinido;levantarse;wstać; obudzić się;ns;pret_indefinido;nos levantamos;wstaliśmy się;False;
levantarse, vs, pret. indefinido;levantarse;wstać; obudzić się;vs;pret_indefinido;os levantasteis;wstaliście się;False;
levantarse, ellos, pret. indefinido;levantarse;wstać; obudzić się;ellos;pret_indefinido;se levantaron;wstali się;False;
levantarse, yo, pret. perfecto;levantarse;wstać; obudzić się;yo;pret_perfecto;me he levantado;;False;
levantarse, tu, pret. perfecto;levantarse;wstać; obudzić się;tu;pret_perfecto;te has levantado;;False;
levantarse, el, pret. perfecto;levantarse;wstać; obudzić się;el;pret_perfecto;se ha levantado;;False;
levantarse, ns, pret. perfecto;levantarse;wstać; obudzić się;ns;pret_perfecto;nos hemos levantado;;False;
levantarse, vs, pret. perfecto;levantarse;wstać; obudzić się;vs;pret_perfecto;os habéis levantado;;False;
levantarse, ellos, pret. perfecto;levantarse;wstać; obudzić się;ellos;pret_perfecto;se han levantado;;False;
limpiar, yo, presente;limpiar;czyścić;yo;presente;limpio;czyszczę;False;
limpiar, tu, presente;limpiar;czyścić;tu;presente;limpias;czyścisz;False;
limpiar, el, presente;limpiar;czyścić;el;presente;limpia;czyści;False;
limpiar, ns, presente;limpiar;czyścić;ns;presente;limpiamos;czyścimy;False;
limpiar, vs, presente;limpiar;czyścić;vs;presente;limpiáis;czyścicie;False;
limpiar, ellos, presente;limpiar;czyścić;ellos;presente;limpian;czyścią;False;
limpiar, yo, pret. indefinido;limpiar;czyścić;yo;pret_indefinido;limpié;czyściłem;False;
limpiar, tu, pret. indefinido;limpiar;czyścić;tu;pret_indefinido;limpiaste;czyściłeś;False;
limpiar, el, pret. indefinido;limpiar;czyścić;el;pret_indefinido;limpió;czyścił;False;
limpiar, ns, pret. indefinido;limpiar;czyścić;ns;pret_indefinido;limpiamos;czyściliśmy;False;
limpiar, vs, pret. indefinido;limpiar;czyścić;vs;pret_indefinido;limpiasteis;czyściliście;False;
limpiar, ellos, pret. indefinido;limpiar;czyścić;ellos;pret_indefinido;limpiaron;czyścili;False;
limpiar, yo, pret. perfecto;limpiar;czyścić;yo;pret_perfecto;he limpiado;;False;
limpiar, tu, pret. perfecto;limpiar;czyścić;tu;pret_perfecto;has limpiado;;False;
limpiar, el, pret. perfecto;limpiar;czyścić;el;pret_perfecto;ha limpiado;;False;
limpiar, ns, pret. perfecto;limpiar;czyścić;ns;pret_perfecto;hemos limpiado;;False;
limpiar, vs, pret. perfecto;limpiar;czyścić;vs;pret_perfecto;habéis limpiado;;False;
limpiar, ellos, pret. perfecto;limpiar;czyścić;ellos;pret_perfecto;han limpiado;;False;
llamarse, yo, presente;llamarse;nazywać się;yo;presente;me llamo;nazywam się;False;
llamarse, tu, presente;llamarse;nazywać się;tu;presente;te llamas;nazywasz się;False;
llamarse, el, presente;llamarse;nazywać się;el;presente;se llama;nazywa się;False;
llamarse, ns, presente;llamarse;nazywać się;ns;presente;nos llamamos;nazywamy się;False;
llamarse, vs, presente;llamarse;nazywać się;vs;presente;os llamáis;nazywacie się;False;
llamarse, ellos, presente;llamarse;nazywać się;ellos;presente;se llaman;nazywaą się;False;
llamarse, yo, pret. indefinido;llamarse;nazywać się;yo;pret_indefinido;me llamé;nazywałem się;False;
llamarse, tu, pret. indefinido;llamarse;nazywać się;tu;pret_indefinido;te llamaste;nazywałeś się;False;
llamarse, el, pret. indefinido;llamarse;nazywać się;el;pret_indefinido;se llamó;nazywał się;False;
llamarse, ns, pret. indefinido;llamarse;nazywać się;ns;pret_indefinido;nos llamamos;nazywaliśmy się;False;
llamarse, vs, pret. indefinido;llamarse;nazywać się;vs;pret_indefinido;os llamasteis;nazywaliście się;False;
llamarse, ellos, pret. indefinido;llamarse;nazywać się;ellos;pret_indefinido;se llamaron;nazywali się;False;
llamarse, yo, pret. perfecto;llamarse;nazywać się;yo;pret_perfecto;me he llamado;;False;
llamarse, tu, pret. perfecto;llamarse;nazywać się;tu;pret_perfecto;te has llamado;;False;
llamarse, el, pret. perfecto;llamarse;nazywać się;el;pret_perfecto;se ha llamado;;False;
llamarse, ns, pret. perfecto;llamarse;nazywać się;ns;pret_perfecto;nos hemos llamado;;False;
llamarse, vs, pret. perfecto;llamarse;nazywać się;vs;pret_perfecto;os habéis llamado;;False;
llamarse, ellos, pret. perfecto;llamarse;nazywać się;ellos;pret_perfecto;se han llamado;;False;
medir, yo, presente;medir;mierzyć;yo;presente;mido;;True;
medir, tu, presente;medir;mierzyć;tu;presente;mides;;True;
medir, el, presente;medir;mierzyć;el;presente;mide;;True;
medir, ns, presente;medir;mierzyć;ns;presente;medimos;;False;
medir, vs, presente;medir;mierzyć;vs;presente;medís;;False;
medir, ellos, presente;medir;mierzyć;ellos;presente;miden;;True;
medir, yo, pret. indefinido;medir;mierzyć;yo;pret_indefinido;medí;;False;
medir, tu, pret. indefinido;medir;mierzyć;tu;pret_indefinido;mediste;;False;
medir, el, pret. indefinido;medir;mierzyć;el;pret_indefinido;midió;;True;
medir, ns, pret. indefinido;medir;mierzyć;ns;pret_indefinido;medimos;;False;
medir, vs, pret. indefinido;medir;mierzyć;vs;pret_indefinido;medisteis;;False;
medir, ellos, pret. indefinido;medir;mierzyć;ellos;pret_indefinido;midieron;;True;
medir, yo, pret. perfecto;medir;mierzyć;yo;pret_perfecto;he medido;;False;
medir, tu, pret. perfecto;medir;mierzyć;tu;pret_perfecto;has medido;;False;
medir, el, pret. perfecto;medir;mierzyć;el;pret_perfecto;ha medido;;False;
medir, ns, pret. perfecto;medir;mierzyć;ns;pret_perfecto;hemos medido;;False;
medir, vs, pret. perfecto;medir;mierzyć;vs;pret_perfecto;habéis medido;;False;
medir, ellos, pret. perfecto;medir;mierzyć;ellos;pret_perfecto;han medido;;False;
morir, yo, presente;morir;umrzeć;yo;presente;muero;;True;
morir, tu, presente;morir;umrzeć;tu;presente;mueres;;True;
morir, el, presente;morir;umrzeć;el;presente;muere;;True;
morir, ns, presente;morir;umrzeć;ns;presente;morimos;;False;
morir, vs, presente;morir;umrzeć;vs;presente;morís;;False;
morir, ellos, presente;morir;umrzeć;ellos;presente;mueren;;True;
morir, yo, pret. indefinido;morir;umrzeć;yo;pret_indefinido;morí;;False;
morir, tu, pret. indefinido;morir;umrzeć;tu;pret_indefinido;moriste;;False;
morir, el, pret. indefinido;morir;umrzeć;el;pret_indefinido;murió;;True;
morir, ns, pret. indefinido;morir;umrzeć;ns;pret_indefinido;morimos;;False;
morir, vs, pret. indefinido;morir;umrzeć;vs;pret_indefinido;moristeis;;False;
morir, ellos, pret. indefinido;morir;umrzeć;ellos;pret_indefinido;murieron;;True;
morir, yo, pret. perfecto;morir;umrzeć;yo;pret_perfecto;he muerto;;True;
morir, tu, pret. perfecto;morir;umrzeć;tu;pret_perfecto;has muerto;;True;
morir, el, pret. perfecto;morir;umrzeć;el;pret_perfecto;ha muerto;;True;
morir, ns, pret. perfecto;morir;umrzeć;ns;pret_perfecto;hemos muerto;;True;
morir, vs, pret. perfecto;morir;umrzeć;vs;pret_perfecto;habéis muerto;;True;
morir, ellos, pret. perfecto;morir;umrzeć;ellos;pret_perfecto;han muerto;;True;
mover, yo, presente;mover;przenosić;yo;presente;muevo;;True;
mover, tu, presente;mover;przenosić;tu;presente;mueves;;True;
mover, el, presente;mover;przenosić;el;presente;mueve;;True;
mover, ns, presente;mover;przenosić;ns;presente;movemos;;False;
mover, vs, presente;mover;przenosić;vs;presente;movéis;;False;
mover, ellos, presente;mover;przenosić;ellos;presente;mueven;;True;
mover, yo, pret. indefinido;mover;przenosić;yo;pret_indefinido;moví;;False;
mover, tu, pret. indefinido;mover;przenosić;tu;pret_indefinido;moviste;;False;
mover, el, pret. indefinido;mover;przenosić;el;pret_indefinido;movió;;False;
mover, ns, pret. indefinido;mover;przenosić;ns;pret_indefinido;movimos;;False;
mover, vs, pret. indefinido;mover;przenosić;vs;pret_indefinido;movisteis;;False;
mover, ellos, pret. indefinido;mover;przenosić;ellos;pret_indefinido;movieron;;False;
mover, yo, pret. perfecto;mover;przenosić;yo;pret_perfecto;he movido;;False;
mover, tu, pret. perfecto;mover;przenosić;tu;pret_perfecto;has movido;;False;
mover, el, pret. perfecto;mover;przenosić;el;pret_perfecto;ha movido;;False;
mover, ns, pret. perfecto;mover;przenosić;ns;pret_perfecto;hemos movido;;False;
mover, vs, pret. perfecto;mover;przenosić;vs;pret_perfecto;habéis movido;;False;
mover, ellos, pret. perfecto;mover;przenosić;ellos;pret_perfecto;han movido;;False;
nacer, yo, presente;nacer;urodzić się;yo;presente;nazco;rodzę;True;
nacer, tu, presente;nacer;urodzić się;tu;presente;naces;rodzisz;False;
nacer, el, presente;nacer;urodzić się;el;presente;nace;rodzi;False;
nacer, ns, presente;nacer;urodzić się;ns;presente;nacemos;rodzimy;False;
nacer, vs, presente;nacer;urodzić się;vs;presente;nacéis;rodzicie;False;
nacer, ellos, presente;nacer;urodzić się;ellos;presente;nacen;rodzą;False;
nacer, yo, pret. indefinido;nacer;urodzić się;yo;pret_indefinido;nací;rodziłem;False;
nacer, tu, pret. indefinido;nacer;urodzić się;tu;pret_indefinido;naciste;rodziłeś;False;
nacer, el, pret. indefinido;nacer;urodzić się;el;pret_indefinido;nació;rodził;False;
nacer, ns, pret. indefinido;nacer;urodzić się;ns;pret_indefinido;nacimos;rodziliśmy;False;
nacer, vs, pret. indefinido;nacer;urodzić się;vs;pret_indefinido;nacisteis;rodziliście;False;
nacer, ellos, pret. indefinido;nacer;urodzić się;ellos;pret_indefinido;nacieron;rodzili;False;
nacer, yo, pret. perfecto;nacer;urodzić się;yo;pret_perfecto;he nacido;;False;
nacer, tu, pret. perfecto;nacer;urodzić się;tu;pret_perfecto;has nacido;;False;
nacer, el, pret. perfecto;nacer;urodzić się;el;pret_perfecto;ha nacido;;False;
nacer, ns, pret. perfecto;nacer;urodzić się;ns;pret_perfecto;hemos nacido;;False;
nacer, vs, pret. perfecto;nacer;urodzić się;vs;pret_perfecto;habéis nacido;;False;
nacer, ellos, pret. perfecto;nacer;urodzić się;ellos;pret_perfecto;han nacido;;False;
oir, yo, presente;oir;słyszeć;yo;presente;oigo;;True;
oir, tu, presente;oir;słyszeć;tu;presente;oyes;;True;
oir, el, presente;oir;słyszeć;el;presente;oye;;True;
oir, ns, presente;oir;słyszeć;ns;presente;oímos;;True;
oir, vs, presente;oir;słyszeć;vs;presente;oís;;False;
oir, ellos, presente;oir;słyszeć;ellos;presente;oyen;;True;
oir, yo, pret. indefinido;oir;słyszeć;yo;pret_indefinido;oí;;False;
oir, tu, pret. indefinido;oir;słyszeć;tu;pret_indefinido;oíste;;True;
oir, el, pret. indefinido;oir;słyszeć;el;pret_indefinido;oyó;;True;
oir, ns, pret. indefinido;oir;słyszeć;ns;pret_indefinido;oímos;;True;
oir, vs, pret. indefinido;oir;słyszeć;vs;pret_indefinido;oísteis;;True;
oir, ellos, pret. indefinido;oir;słyszeć;ellos;pret_indefinido;oyeron;;True;
oir, yo, pret. perfecto;oir;słyszeć;yo;pret_perfecto;he oído;;True;
oir, tu, pret. perfecto;oir;słyszeć;tu;pret_perfecto;has oído;;True;
oir, el, pret. perfecto;oir;słyszeć;el;pret_perfecto;ha oído;;True;
oir, ns, pret. perfecto;oir;słyszeć;ns;pret_perfecto;hemos oído;;True;
oir, vs, pret. perfecto;oir;słyszeć;vs;pret_perfecto;habéis oído;;True;
oir, ellos, pret. perfecto;oir;słyszeć;ellos;pret_perfecto;han oído;;True;
oler, yo, presente;oler;wąchać;yo;presente;huelo;;True;
oler, tu, presente;oler;wąchać;tu;presente;hueles;;True;
oler, el, presente;oler;wąchać;el;presente;huele;;True;
oler, ns, presente;oler;wąchać;ns;presente;olemos;;False;
oler, vs, presente;oler;wąchać;vs;presente;oléis;;False;
oler, ellos, presente;oler;wąchać;ellos;presente;huelen;;True;
oler, yo, pret. indefinido;oler;wąchać;yo;pret_indefinido;olí;;False;
oler, tu, pret. indefinido;oler;wąchać;tu;pret_indefinido;oliste;;False;
oler, el, pret. indefinido;oler;wąchać;el;pret_indefinido;olió;;False;
oler, ns, pret. indefinido;oler;wąchać;ns;pret_indefinido;olimos;;False;
oler, vs, pret. indefinido;oler;wąchać;vs;pret_indefinido;olisteis;;False;
oler, ellos, pret. indefinido;oler;wąchać;ellos;pret_indefinido;olieron;;False;
oler, yo, pret. perfecto;oler;wąchać;yo;pret_perfecto;he olido;;False;
oler, tu, pret. perfecto;oler;wąchać;tu;pret_perfecto;has olido;;False;
oler, el, pret. perfecto;oler;wąchać;el;pret_perfecto;ha olido;;False;
oler, ns, pret. perfecto;oler;wąchać;ns;pret_perfecto;hemos olido;;False;
oler, vs, pret. perfecto;oler;wąchać;vs;pret_perfecto;habéis olido;;False;
oler, ellos, pret. perfecto;oler;wąchać;ellos;pret_perfecto;han olido;;False;
pedir, yo, presente;pedir;zapywać;yo;presente;pido;;True;
pedir, tu, presente;pedir;zapywać;tu;presente;pides;;True;
pedir, el, presente;pedir;zapywać;el;presente;pide;;True;
pedir, ns, presente;pedir;zapywać;ns;presente;pedimos;;False;
pedir, vs, presente;pedir;zapywać;vs;presente;pedís;;False;
pedir, ellos, presente;pedir;zapywać;ellos;presente;piden;;True;
pedir, yo, pret. indefinido;pedir;zapywać;yo;pret_indefinido;pedí;;False;
pedir, tu, pret. indefinido;pedir;zapywać;tu;pret_indefinido;pediste;;False;
pedir, el, pret. indefinido;pedir;zapywać;el;pret_indefinido;pidió;;True;
pedir, ns, pret. indefinido;pedir;zapywać;ns;pret_indefinido;pedimos;;False;
pedir, vs, pret. indefinido;pedir;zapywać;vs;pret_indefinido;pedisteis;;False;
pedir, ellos, pret. indefinido;pedir;zapywać;ellos;pret_indefinido;pidieron;;True;
pedir, yo, pret. perfecto;pedir;zapywać;yo;pret_perfecto;he pedido;;False;
pedir, tu, pret. perfecto;pedir;zapywać;tu;pret_perfecto;has pedido;;False;
pedir, el, pret. perfecto;pedir;zapywać;el;pret_perfecto;ha pedido;;False;
pedir, ns, pret. perfecto;pedir;zapywać;ns;pret_perfecto;hemos pedido;;False;
pedir, vs, pret. perfecto;pedir;zapywać;vs;pret_perfecto;habéis pedido;;False;
pedir, ellos, pret. perfecto;pedir;zapywać;ellos;pret_perfecto;han pedido;;False;
pensar, yo, presente;pensar;myśleć;yo;presente;pienso;myślę;True;
pensar, tu, presente;pensar;myśleć;tu;presente;piensas;myślisz;True;
pensar, el, presente;pensar;myśleć;el;presente;piensa;myśli;True;
pensar, ns, presente;pensar;myśleć;ns;presente;pensamos;myślimy;False;
pensar, vs, presente;pensar;myśleć;vs;presente;pensáis;myślicie;False;
pensar, ellos, presente;pensar;myśleć;ellos;presente;piensan;myślią;True;
pensar, yo, pret. indefinido;pensar;myśleć;yo;pret_indefinido;pensé;myśllałem;False;
pensar, tu, pret. indefinido;pensar;myśleć;tu;pret_indefinido;pensaste;myśllałeś;False;
pensar, el, pret. indefinido;pensar;myśleć;el;pret_indefinido;pensó;myśllał;False;
pensar, ns, pret. indefinido;pensar;myśleć;ns;pret_indefinido;pensamos;myśleliśmy;False;
pensar, vs, pret. indefinido;pensar;myśleć;vs;pret_indefinido;pensasteis;myśleliście;False;
pensar, ellos, pret. indefinido;pensar;myśleć;ellos;pret_indefinido;pensaron;myśleli;False;
pensar, yo, pret. perfecto;pensar;myśleć;yo;pret_perfecto;he pensado;;False;
pensar, tu, pret. perfecto;pensar;myśleć;tu;pret_perfecto;has pensado;;False;
pensar, el, pret. perfecto;pensar;myśleć;el;pret_perfecto;ha pensado;;False;
pensar, ns, pret. perfecto;pensar;myśleć;ns;pret_perfecto;hemos pensado;;False;
pensar, vs, pret. perfecto;pensar;myśleć;vs;pret_perfecto;habéis pensado;;False;
pensar, ellos, pret. perfecto;pensar;myśleć;ellos;pret_perfecto;han pensado;;False;
poder, yo, presente;poder;móc;yo;presente;puedo;możę;True;
poder, tu, presente;poder;móc;tu;presente;puedes;możesz;True;
poder, el, presente;poder;móc;el;presente;puede;może;True;
poder, ns, presente;poder;móc;ns;presente;podemos;możemy;False;
poder, vs, presente;poder;móc;vs;presente;podéis;możecie;False;
poder, ellos, presente;poder;móc;ellos;presente;pueden;możą;True;
poder, yo, pret. indefinido;poder;móc;yo;pret_indefinido;pude;mógłem;True;
poder, tu, pret. indefinido;poder;móc;tu;pret_indefinido;pudiste;mógłeś;True;
poder, el, pret. indefinido;poder;móc;el;pret_indefinido;pudo;mógł;True;
poder, ns, pret. indefinido;poder;móc;ns;pret_indefinido;pudimos;mogliśmy;True;
poder, vs, pret. indefinido;poder;móc;vs;pret_indefinido;pudisteis;mogliście;True;
poder, ellos, pret. indefinido;poder;móc;ellos;pret_indefinido;pudieron;mogli;True;
poder, yo, pret. perfecto;poder;móc;yo;pret_perfecto;he podido;;False;
poder, tu, pret. perfecto;poder;móc;tu;pret_perfecto;has podido;;False;
poder, el, pret. perfecto;poder;móc;el;pret_perfecto;ha podido;;False;
poder, ns, pret. perfecto;poder;móc;ns;pret_perfecto;hemos podido;;False;
poder, vs, pret. perfecto;poder;móc;vs;pret_perfecto;habéis podido;;False;
poder, ellos, pret. perfecto;poder;móc;ellos;pret_perfecto;han podido;;False;
poner, yo, presente;poner;kłaść;yo;presente;pongo;;True;
poner, tu, presente;poner;kłaść;tu;presente;pones;;False;
poner, el, presente;poner;kłaść;el;presente;pone;;False;
poner, ns, presente;poner;kłaść;ns;presente;ponemos;;False;
poner, vs, presente;poner;kłaść;vs;presente;ponéis;;False;
poner, ellos, presente;poner;kłaść;ellos;presente;ponen;;False;
poner, yo, pret. indefinido;poner;kłaść;yo;pret_indefinido;puse;;True;
poner, tu, pret. indefinido;poner;kłaść;tu;pret_indefinido;pusiste;;True;
poner, el, pret. indefinido;poner;kłaść;el;pret_indefinido;puso;;True;
poner, ns, pret. indefinido;poner;kłaść;ns;pret_indefinido;pusimos;;True;
poner, vs, pret. indefinido;poner;kłaść;vs;pret_indefinido;pusisteis;;True;
poner, ellos, pret. indefinido;poner;kłaść;ellos;pret_indefinido;pusieron;;True;
poner, yo, pret. perfecto;poner;kłaść;yo;pret_perfecto;he puesto;;True;
poner, tu, pret. perfecto;poner;kłaść;tu;pret_perfecto;has puesto;;True;
poner, el, pret. perfecto;poner;kłaść;el;pret_perfecto;ha puesto;;True;
poner, ns, pret. perfecto;poner;kłaść;ns;pret_perfecto;hemos puesto;;True;
poner, vs, pret. perfecto;poner;kłaść;vs;pret_perfecto;habéis puesto;;True;
poner, ellos, pret. perfecto;poner;kłaść;ellos;pret_perfecto;han puesto;;True;
preferir, yo, presente;preferir;preferować;yo;presente;prefiero;preferuję;True;
preferir, tu, presente;preferir;preferować;tu;presente;prefieres;preferujesz;True;
preferir, el, presente;preferir;preferować;el;presente;prefiere;preferuje;True;
preferir, ns, presente;preferir;preferować;ns;presente;preferimos;preferujemy;False;
preferir, vs, presente;preferir;preferować;vs;presente;preferís;preferujecie;False;
preferir, ellos, presente;preferir;preferować;ellos;presente;prefieren;preferują;True;
preferir, yo, pret. indefinido;preferir;preferować;yo;pret_indefinido;preferí;preferowałem;False;
preferir, tu, pret. indefinido;preferir;preferować;tu;pret_indefinido;preferiste;preferowałeś;False;
preferir, el, pret. indefinido;preferir;preferować;el;pret_indefinido;prefirió;preferował;True;
preferir, ns, pret. indefinido;preferir;preferować;ns;pret_indefinido;preferimos;preferowaliśmy;False;
preferir, vs, pret. indefinido;preferir;preferować;vs;pret_indefinido;preferisteis;preferowaliście;False;
preferir, ellos, pret. indefinido;preferir;preferować;ellos;pret_indefinido;prefirieron;preferowali;True;
preferir, yo, pret. perfecto;preferir;preferować;yo;pret_perfecto;he preferido;;False;
preferir, tu, pret. perfecto;preferir;preferować;tu;pret_perfecto;has preferido;;False;
preferir, el, pret. perfecto;preferir;preferować;el;pret_perfecto;ha preferido;;False;
preferir, ns, pret. perfecto;preferir;preferować;ns;pret_perfecto;hemos preferido;;False;
preferir, vs, pret. perfecto;preferir;preferować;vs;pret_perfecto;habéis preferido;;False;
preferir, ellos, pret. perfecto;preferir;preferować;ellos;pret_perfecto;han preferido;;False;
preparar, yo, presente;preparar;przygotowywać;yo;presente;preparo;przygotowuję;False;
preparar, tu, presente;preparar;przygotowywać;tu;presente;preparas;przygotowujesz;False;
preparar, el, presente;preparar;przygotowywać;el;presente;prepara;przygotowuje;False;
preparar, ns, presente;preparar;przygotowywać;ns;presente;preparamos;przygotowujemy;False;
preparar, vs, presente;preparar;przygotowywać;vs;presente;preparáis;przygotowujecie;False;
preparar, ellos, presente;preparar;przygotowywać;ellos;presente;preparan;przygotowują;False;
preparar, yo, pret. indefinido;preparar;przygotowywać;yo;pret_indefinido;preparé;przygotowałem;False;
preparar, tu, pret. indefinido;preparar;przygotowywać;tu;pret_indefinido;preparaste;przygotowałeś;False;
preparar, el, pret. indefinido;preparar;przygotowywać;el;pret_indefinido;preparó;przygotował;False;
preparar, ns, pret. indefinido;preparar;przygotowywać;ns;pret_indefinido;preparamos;przygotowaliśmy;False;
preparar, vs, pret. indefinido;preparar;przygotowywać;vs;pret_indefinido;preparasteis;przygotowaliście;False;
preparar, ellos, pret. indefinido;preparar;przygotowywać;ellos;pret_indefinido;prepararon;przygotowali;False;
preparar, yo, pret. perfecto;preparar;przygotowywać;yo;pret_perfecto;he preparado;;False;
preparar, tu, pret. perfecto;preparar;przygotowywać;tu;pret_perfecto;has preparado;;False;
preparar, el, pret. perfecto;preparar;przygotowywać;el;pret_perfecto;ha preparado;;False;
preparar, ns, pret. perfecto;preparar;przygotowywać;ns;pret_perfecto;hemos preparado;;False;
preparar, vs, pret. perfecto;preparar;przygotowywać;vs;pret_perfecto;habéis preparado;;False;
preparar, ellos, pret. perfecto;preparar;przygotowywać;ellos;pret_perfecto;han preparado;;False;
preparar, yo, presente;preparar;przygotować;yo;presente;preparo;przygotowuję;False;
preparar, tu, presente;preparar;przygotować;tu;presente;preparas;przygotowujesz;False;
preparar, el, presente;preparar;przygotować;el;presente;prepara;przygotowuje;False;
preparar, ns, presente;preparar;przygotować;ns;presente;preparamos;przygotowujemy;False;
preparar, vs, presente;preparar;przygotować;vs;presente;preparáis;przygotowujecie;False;
preparar, ellos, presente;preparar;przygotować;ellos;presente;preparan;przygotowują;False;
preparar, yo, pret. indefinido;preparar;przygotować;yo;pret_indefinido;preparé;przygotowałem;False;
preparar, tu, pret. indefinido;preparar;przygotować;tu;pret_indefinido;preparaste;przygotowałeś;False;
preparar, el, pret. indefinido;preparar;przygotować;el;pret_indefinido;preparó;przygotował;False;
preparar, ns, pret. indefinido;preparar;przygotować;ns;pret_indefinido;preparamos;przygotowaliśmy;False;
preparar, vs, pret. indefinido;preparar;przygotować;vs;pret_indefinido;preparasteis;przygotowaliście;False;
preparar, ellos, pret. indefinido;preparar;przygotować;ellos;pret_indefinido;prepararon;przygotowali;False;
preparar, yo, pret. perfecto;preparar;przygotować;yo;pret_perfecto;he preparado;;False;
preparar, tu, pret. perfecto;preparar;przygotować;tu;pret_perfecto;has preparado;;False;
preparar, el, pret. perfecto;preparar;przygotować;el;pret_perfecto;ha preparado;;False;
preparar, ns, pret. perfecto;preparar;przygotować;ns;pret_perfecto;hemos preparado;;False;
preparar, vs, pret. perfecto;preparar;przygotować;vs;pret_perfecto;habéis preparado;;False;
preparar, ellos, pret. perfecto;preparar;przygotować;ellos;pret_perfecto;han preparado;;False;
querer, yo, presente;querer;chcieć;yo;presente;quiero;chcę;True;
querer, tu, presente;querer;chcieć;tu;presente;quieres;chcesz;True;
querer, el, presente;querer;chcieć;el;presente;quiere;chce;True;
querer, ns, presente;querer;chcieć;ns;presente;queremos;chcemy;False;
querer, vs, presente;querer;chcieć;vs;presente;queréis;chcecie;False;
querer, ellos, presente;querer;chcieć;ellos;presente;quieren;chcą;True;
querer, yo, pret. indefinido;querer;chcieć;yo;pret_indefinido;quise;chciałem;True;
querer, tu, pret. indefinido;querer;chcieć;tu;pret_indefinido;quisiste;chciałeś;True;
querer, el, pret. indefinido;querer;chcieć;el;pret_indefinido;quiso;chciał;True;
querer, ns, pret. indefinido;querer;chcieć;ns;pret_indefinido;quisimos;chcieliśmy;True;
querer, vs, pret. indefinido;querer;chcieć;vs;pret_indefinido;quisisteis;chcieliście;True;
querer, ellos, pret. indefinido;querer;chcieć;ellos;pret_indefinido;quisieron;chcieli;True;
querer, yo, pret. perfecto;querer;chcieć;yo;pret_perfecto;he querido;;False;
querer, tu, pret. perfecto;querer;chcieć;tu;pret_perfecto;has querido;;False;
querer, el, pret. perfecto;querer;chcieć;el;pret_perfecto;ha querido;;False;
querer, ns, pret. perfecto;querer;chcieć;ns;pret_perfecto;hemos querido;;False;
querer, vs, pret. perfecto;querer;chcieć;vs;pret_perfecto;habéis querido;;False;
querer, ellos, pret. perfecto;querer;chcieć;ellos;pret_perfecto;han querido;;False;
repetir, yo, presente;repetir;powtarzać;yo;presente;repito;powtarzam;True;
repetir, tu, presente;repetir;powtarzać;tu;presente;repites;powtarzasz;True;
repetir, el, presente;repetir;powtarzać;el;presente;repite;powtarza;True;
repetir, ns, presente;repetir;powtarzać;ns;presente;repetimos;powtarzamy;False;
repetir, vs, presente;repetir;powtarzać;vs;presente;repetís;powtarzacie;False;
repetir, ellos, presente;repetir;powtarzać;ellos;presente;repiten;powtarzaą;True;
repetir, yo, pret. indefinido;repetir;powtarzać;yo;pret_indefinido;repetí;powtarzałem;False;
repetir, tu, pret. indefinido;repetir;powtarzać;tu;pret_indefinido;repetiste;powtarzałeś;False;
repetir, el, pret. indefinido;repetir;powtarzać;el;pret_indefinido;repitió;powtarzał;True;
repetir, ns, pret. indefinido;repetir;powtarzać;ns;pret_indefinido;repetimos;powtarzaliśmy;False;
repetir, vs, pret. indefinido;repetir;powtarzać;vs;pret_indefinido;repetisteis;powtarzaliście;False;
repetir, ellos, pret. indefinido;repetir;powtarzać;ellos;pret_indefinido;repitieron;powtarzali;True;
repetir, yo, pret. perfecto;repetir;powtarzać;yo;pret_perfecto;he repetido;;False;
repetir, tu, pret. perfecto;repetir;powtarzać;tu;pret_perfecto;has repetido;;False;
repetir, el, pret. perfecto;repetir;powtarzać;el;pret_perfecto;ha repetido;;False;
repetir, ns, pret. perfecto;repetir;powtarzać;ns;pret_perfecto;hemos repetido;;False;
repetir, vs, pret. perfecto;repetir;powtarzać;vs;pret_perfecto;habéis repetido;;False;
repetir, ellos, pret. perfecto;repetir;powtarzać;ellos;pret_perfecto;han repetido;;False;
saber, yo, presente;saber;wiedzieć;yo;presente;sé;wię;True;
saber, tu, presente;saber;wiedzieć;tu;presente;sabes;wiesz;False;
saber, el, presente;saber;wiedzieć;el;presente;sabe;wie;False;
saber, ns, presente;saber;wiedzieć;ns;presente;sabemos;wiemy;False;
saber, vs, presente;saber;wiedzieć;vs;presente;sabéis;wiecie;False;
saber, ellos, presente;saber;wiedzieć;ellos;presente;saben;wią;False;
saber, yo, pret. indefinido;saber;wiedzieć;yo;pret_indefinido;supe;wiedziałem;True;
saber, tu, pret. indefinido;saber;wiedzieć;tu;pret_indefinido;supiste;wiedziałeś;True;
saber, el, pret. indefinido;saber;wiedzieć;el;pret_indefinido;supo;wiedział;True;
saber, ns, pret. indefinido;saber;wiedzieć;ns;pret_indefinido;supimos;wiedzieliśmy;True;
saber, vs, pret. indefinido;saber;wiedzieć;vs;pret_indefinido;supisteis;wiedzieliście;True;
saber, ellos, pret. indefinido;saber;wiedzieć;ellos;pret_indefinido;supieron;wiedzieli;True;
saber, yo, pret. perfecto;saber;wiedzieć;yo;pret_perfecto;he sabido;;False;
saber, tu, pret. perfecto;saber;wiedzieć;tu;pret_perfecto;has sabido;;False;
saber, el, pret. perfecto;saber;wiedzieć;el;pret_perfecto;ha sabido;;False;
saber, ns, pret. perfecto;saber;wiedzieć;ns;pret_perfecto;hemos sabido;;False;
saber, vs, pret. perfecto;saber;wiedzieć;vs;pret_perfecto;habéis sabido;;False;
saber, ellos, pret. perfecto;saber;wiedzieć;ellos;pret_perfecto;han sabido;;False;
sacarse, yo, presente;sacarse;dostać;yo;presente;me saco;;False;
sacarse, tu, presente;sacarse;dostać;tu;presente;te sacas;;False;
sacarse, el, presente;sacarse;dostać;el;presente;se saca;;False;
sacarse, ns, presente;sacarse;dostać;ns;presente;nos sacamos;;False;
sacarse, vs, presente;sacarse;dostać;vs;presente;os sacáis;;False;
sacarse, ellos, presente;sacarse;dostać;ellos;presente;se sacan;;False;
sacarse, yo, pret. indefinido;sacarse;dostać;yo;pret_indefinido;me saqué;;True;
sacarse, tu, pret. indefinido;sacarse;dostać;tu;pret_indefinido;te sacaste;;False;
sacarse, el, pret. indefinido;sacarse;dostać;el;pret_indefinido;se sacó;;False;
sacarse, ns, pret. indefinido;sacarse;dostać;ns;pret_indefinido;nos sacamos;;False;
sacarse, vs, pret. indefinido;sacarse;dostać;vs;pret_indefinido;os sacasteis;;False;
sacarse, ellos, pret. indefinido;sacarse;dostać;ellos;pret_indefinido;se sacaron;;False;
sacarse, yo, pret. perfecto;sacarse;dostać;yo;pret_perfecto;me he sacado;;False;
sacarse, tu, pret. perfecto;sacarse;dostać;tu;pret_perfecto;te has sacado;;False;
sacarse, el, pret. perfecto;sacarse;dostać;el;pret_perfecto;se ha sacado;;False;
sacarse, ns, pret. perfecto;sacarse;dostać;ns;pret_perfecto;nos hemos sacado;;False;
sacarse, vs, pret. perfecto;sacarse;dostać;vs;pret_perfecto;os habéis sacado;;False;
sacarse, ellos, pret. perfecto;sacarse;dostać;ellos;pret_perfecto;se han sacado;;False;
salir, yo, presente;salir;wychodzić;yo;presente;salgo;wychodzę;True;
salir, tu, presente;salir;wychodzić;tu;presente;sales;wychodzisz;False;
salir, el, presente;salir;wychodzić;el;presente;sale;wychodzi;False;
salir, ns, presente;salir;wychodzić;ns;presente;salimos;wychodzimy;False;
salir, vs, presente;salir;wychodzić;vs;presente;salís;wychodzicie;False;
salir, ellos, presente;salir;wychodzić;ellos;presente;salen;wychodzą;False;
salir, yo, pret. indefinido;salir;wychodzić;yo;pret_indefinido;salí;wyszedłem;False;
salir, tu, pret. indefinido;salir;wychodzić;tu;pret_indefinido;saliste;wyszedłeś;False;
salir, el, pret. indefinido;salir;wychodzić;el;pret_indefinido;salió;wyszedł;False;
salir, ns, pret. indefinido;salir;wychodzić;ns;pret_indefinido;salimos;wyszliśmy;False;
salir, vs, pret. indefinido;salir;wychodzić;vs;pret_indefinido;salisteis;wyszliście;False;
salir, ellos, pret. indefinido;salir;wychodzić;ellos;pret_indefinido;salieron;wyszli;False;
salir, yo, pret. perfecto;salir;wychodzić;yo;pret_perfecto;he salido;;False;
salir, tu, pret. perfecto;salir;wychodzić;tu;pret_perfecto;has salido;;False;
salir, el, pret. perfecto;salir;wychodzić;el;pret_perfecto;ha salido;;False;
salir, ns, pret. perfecto;salir;wychodzić;ns;pret_perfecto;hemos salido;;False;
salir, vs, pret. perfecto;salir;wychodzić;vs;pret_perfecto;habéis salido;;False;
salir, ellos, pret. perfecto;salir;wychodzić;ellos;pret_perfecto;han salido;;False;
seguir, yo, presente;seguir;kontynuować;yo;presente;sigo;;True;
seguir, tu, presente;seguir;kontynuować;tu;presente;sigues;;True;
seguir, el, presente;seguir;kontynuować;el;presente;sigue;;True;
seguir, ns, presente;seguir;kontynuować;ns;presente;seguimos;;False;
seguir, vs, presente;seguir;kontynuować;vs;presente;seguís;;False;
seguir, ellos, presente;seguir;kontynuować;ellos;presente;siguen;;True;
seguir, yo, pret. indefinido;seguir;kontynuować;yo;pret_indefinido;seguí;;False;
seguir, tu, pret. indefinido;seguir;kontynuować;tu;pret_indefinido;seguiste;;False;
seguir, el, pret. indefinido;seguir;kontynuować;el;pret_indefinido;siguió;;True;
seguir, ns, pret. indefinido;seguir;kontynuować;ns;pret_indefinido;seguimos;;False;
seguir, vs, pret. indefinido;seguir;kontynuować;vs;pret_indefinido;seguisteis;;False;
seguir, ellos, pret. indefinido;seguir;kontynuować;ellos;pret_indefinido;siguieron;;True;
seguir, yo, pret. perfecto;seguir;kontynuować;yo;pret_perfecto;he seguido;;False;
seguir, tu, pret. perfecto;seguir;kontynuować;tu;pret_perfecto;has seguido;;False;
seguir, el, pret. perfecto;seguir;kontynuować;el;pret_perfecto;ha seguido;;False;
seguir, ns, pret. perfecto;seguir;kontynuować;ns;pret_perfecto;hemos seguido;;False;
seguir, vs, pret. perfecto;seguir;kontynuować;vs;pret_perfecto;habéis seguido;;False;
seguir, ellos, pret. perfecto;seguir;kontynuować;ellos;pret_perfecto;han seguido;;False;
sentir, yo, presente;sentir;czuć;yo;presente;siento;czuję;True;
sentir, tu, presente;sentir;czuć;tu;presente;sientes;czujesz;True;
sentir, el, presente;sentir;czuć;el;presente;siente;czuje;True;
sentir, ns, presente;sentir;czuć;ns;presente;sentimos;czujemy;False;
sentir, vs, presente;sentir;czuć;vs;presente;sentís;czujecie;False;
sentir, ellos, presente;sentir;czuć;ellos;presente;sienten;czują;True;
sentir, yo, pret. indefinido;sentir;czuć;yo;pret_indefinido;sentí;czułem;False;
sentir, tu, pret. indefinido;sentir;czuć;tu;pret_indefinido;sentiste;czułeś;False;
sentir, el, pret. indefinido;sentir;czuć;el;pret_indefinido;sintió;czuł;True;
sentir, ns, pret. indefinido;sentir;czuć;ns;pret_indefinido;sentimos;czuliśmy;False;
sentir, vs, pret. indefinido;sentir;czuć;vs;pret_indefinido;sentisteis;czuliście;False;
sentir, ellos, pret. indefinido;sentir;czuć;ellos;pret_indefinido;sintieron;czuli;True;
sentir, yo, pret. perfecto;sentir;czuć;yo;pret_perfecto;he sentido;;False;
sentir, tu, pret. perfecto;sentir;czuć;tu;pret_perfecto;has sentido;;False;
sentir, el, pret. perfecto;sentir;czuć;el;pret_perfecto;ha sentido;;False;
sentir, ns, pret. perfecto;sentir;czuć;ns;pret_perfecto;hemos sentido;;False;
sentir, vs, pret. perfecto;sentir;czuć;vs;pret_perfecto;habéis sentido;;False;
sentir, ellos, pret. perfecto;sentir;czuć;ellos;pret_perfecto;han sentido;;False;
ser, yo, presente;ser;być;yo;presente;soy;jestem;True;
ser, tu, presente;ser;być;tu;presente;eres;jesteś;True;
ser, el, presente;ser;być;el;presente;es;jest;True;
ser, ns, presente;ser;być;ns;presente;somos;jestmy;True;
ser, vs, presente;ser;być;vs;presente;sois;jestcie;True;
ser, ellos, presente;ser;być;ellos;presente;son;są;True;
ser, yo, pret. indefinido;ser;być;yo;pret_indefinido;fui;byłem;True;
ser, tu, pret. indefinido;ser;być;tu;pret_indefinido;fuiste;byłeś;True;
ser, el, pret. indefinido;ser;być;el;pret_indefinido;fue;był;True;
ser, ns, pret. indefinido;ser;być;ns;pret_indefinido;fuimos;byliśmy;True;
ser, vs, pret. indefinido;ser;być;vs;pret_indefinido;fuisteis;byliście;True;
ser, ellos, pret. indefinido;ser;być;ellos;pret_indefinido;fueron;byli;True;
ser, yo, pret. perfecto;ser;być;yo;pret_perfecto;he sido;;False;
ser, tu, pret. perfecto;ser;być;tu;pret_perfecto;has sido;;False;
ser, el, pret. perfecto;ser;być;el;pret_perfecto;ha sido;;False;
ser, ns, pret. perfecto;ser;być;ns;pret_perfecto;hemos sido;;False;
ser, vs, pret. perfecto;ser;być;vs;pret_perfecto;habéis sido;;False;
ser, ellos, pret. perfecto;ser;być;ellos;pret_perfecto;han sido;;False;
tener, yo, presente;tener;mieć;yo;presente;tengo;mam;True;
tener, tu, presente;tener;mieć;tu;presente;tienes;masz;True;
tener, el, presente;tener;mieć;el;presente;tiene;ma;True;
tener, ns, presente;tener;mieć;ns;presente;tenemos;mamy;False;
tener, vs, presente;tener;mieć;vs;presente;tenéis;macie;False;
tener, ellos, presente;tener;mieć;ellos;presente;tienen;maą;True;
tener, yo, pret. indefinido;tener;mieć;yo;pret_indefinido;tuve;miałem;True;
tener, tu, pret. indefinido;tener;mieć;tu;pret_indefinido;tuviste;miałeś;True;
tener, el, pret. indefinido;tener;mieć;el;pret_indefinido;tuvo;miał;True;
tener, ns, pret. indefinido;tener;mieć;ns;pret_indefinido;tuvimos;mieliśmy;True;
tener, vs, pret. indefinido;tener;mieć;vs;pret_indefinido;tuvisteis;mieliście;True;
tener, ellos, pret. indefinido;tener;mieć;ellos;pret_indefinido;tuvieron;mieli;True;
tener, yo, pret. perfecto;tener;mieć;yo;pret_perfecto;he tenido;;False;
tener, tu, pret. perfecto;tener;mieć;tu;pret_perfecto;has tenido;;False;
tener, el, pret. perfecto;tener;mieć;el;pret_perfecto;ha tenido;;False;
tener, ns, pret. perfecto;tener;mieć;ns;pret_perfecto;hemos tenido;;False;
tener, vs, pret. perfecto;tener;mieć;vs;pret_perfecto;habéis tenido;;False;
tener, ellos, pret. perfecto;tener;mieć;ellos;pret_perfecto;han tenido;;False;
venir, yo, presente;venir;przychodzić;yo;presente;vengo;;True;
venir, tu, presente;venir;przychodzić;tu;presente;vienes;;True;
venir, el, presente;venir;przychodzić;el;presente;viene;;True;
venir, ns, presente;venir;przychodzić;ns;presente;venimos;;False;
venir, vs, presente;venir;przychodzić;vs;presente;venís;;False;
venir, ellos, presente;venir;przychodzić;ellos;presente;vienen;;True;
venir, yo, pret. indefinido;venir;przychodzić;yo;pret_indefinido;vine;;True;
venir, tu, pret. indefinido;venir;przychodzić;tu;pret_indefinido;viniste;;True;
venir, el, pret. indefinido;venir;przychodzić;el;pret_indefinido;vino;;True;
venir, ns, pret. indefinido;venir;przychodzić;ns;pret_indefinido;vinimos;;True;
venir, vs, pret. indefinido;venir;przychodzić;vs;pret_indefinido;vinisteis;;True;
venir, ellos, pret. indefinido;venir;przychodzić;ellos;pret_indefinido;vinieron;;True;
venir, yo, pret. perfecto;venir;przychodzić;yo;pret_perfecto;he venido;;False;
venir, tu, pret. perfecto;venir;przychodzić;tu;pret_perfecto;has venido;;False;
venir, el, pret. perfecto;venir;przychodzić;el;pret_perfecto;ha venido;;False;
venir, ns, pret. perfecto;venir;przychodzić;ns;pret_perfecto;hemos venido;;False;
venir, vs, pret. perfecto;venir;przychodzić;vs;pret_perfecto;habéis venido;;False;
venir, ellos, pret. perfecto;venir;przychodzić;ellos;pret_perfecto;han venido;;False;
ver, yo, presente;ver;oglądać;yo;presente;veo;oglądam;True;
ver, tu, presente;ver;oglądać;tu;presente;ves;oglądasz;False;
ver, el, presente;ver;oglądać;el;presente;ve;ogląda;False;
ver, ns, presente;ver;oglądać;ns;presente;vemos;oglądamy;False;
ver, vs, presente;ver;oglądać;vs;presente;veis;oglądacie;True;
ver, ellos, presente;ver;oglądać;ellos;presente;ven;oglądaą;False;
ver, yo, pret. indefinido;ver;oglądać;yo;pret_indefinido;vi;oglądałem;True;
ver, tu, pret. indefinido;ver;oglądać;tu;pret_indefinido;viste;oglądałeś;False;
ver, el, pret. indefinido;ver;oglądać;el;pret_indefinido;vio;oglądał;True;
ver, ns, pret. indefinido;ver;oglądać;ns;pret_indefinido;vimos;oglądaliśmy;False;
ver, vs, pret. indefinido;ver;oglądać;vs;pret_indefinido;visteis;oglądaliście;False;
ver, ellos, pret. indefinido;ver;oglądać;ellos;pret_indefinido;vieron;oglądali;False;
ver, yo, pret. perfecto;ver;oglądać;yo;pret_perfecto;he visto;;True;
ver, tu, pret. perfecto;ver;oglądać;tu;pret_perfecto;has visto;;True;
ver, el, pret. perfecto;ver;oglądać;el;pret_perfecto;ha visto;;True;
ver, ns, pret. perfecto;ver;oglądać;ns;pret_perfecto;hemos visto;;True;
ver, vs, pret. perfecto;ver;oglądać;vs;pret_perfecto;habéis visto;;True;
ver, ellos, pret. perfecto;ver;oglądać;ellos;pret_perfecto;han visto;;True;
vestir, yo, presente;vestir;nosić;yo;presente;visto;noszę;True;
vestir, tu, presente;vestir;nosić;tu;presente;vistes;nosisz;True;
vestir, el, presente;vestir;nosić;el;presente;viste;nosi;True;
vestir, ns, presente;vestir;nosić;ns;presente;vestimos;nosimy;False;
vestir, vs, presente;vestir;nosić;vs;presente;vestís;nosicie;False;
vestir, ellos, presente;vestir;nosić;ellos;presente;visten;nosią;True;
vestir, yo, pret. indefinido;vestir;nosić;yo;pret_indefinido;vestí;nosiłem;False;
vestir, tu, pret. indefinido;vestir;nosić;tu;pret_indefinido;vestiste;nosiłeś;False;
vestir, el, pret. indefinido;vestir;nosić;el;pret_indefinido;vistió;nosił;True;
vestir, ns, pret. indefinido;vestir;nosić;ns;pret_indefinido;vestimos;nosiliśmy;False;
vestir, vs, pret. indefinido;vestir;nosić;vs;pret_indefinido;vestisteis;nosiliście;False;
vestir, ellos, pret. indefinido;vestir;nosić;ellos;pret_indefinido;vistieron;nosili;True;
vestir, yo, pret. perfecto;vestir;nosić;yo;pret_perfecto;he vestido;;False;
vestir, tu, pret. perfecto;vestir;nosić;tu;pret_perfecto;has vestido;;False;
vestir, el, pret. perfecto;vestir;nosić;el;pret_perfecto;ha vestido;;False;
vestir, ns, pret. perfecto;vestir;nosić;ns;pret_perfecto;hemos vestido;;False;
vestir, vs, pret. perfecto;vestir;nosić;vs;pret_perfecto;habéis vestido;;False;
vestir, ellos, pret. perfecto;vestir;nosić;ellos;pret_perfecto;han vestido;;False;
vestirse, yo, presente;vestirse;ubierać się;yo;presente;me visto;ubieram się;True;
vestirse, tu, presente;vestirse;ubierać się;tu;presente;te vistes;ubierasz się;True;
vestirse, el, presente;vestirse;ubierać się;el;presente;se viste;ubiera się;True;
vestirse, ns, presente;vestirse;ubierać się;ns;presente;nos vestimos;ubieramy się;False;
vestirse, vs, presente;vestirse;ubierać się;vs;presente;os vestís;ubieracie się;False;
vestirse, ellos, presente;vestirse;ubierać się;ellos;presente;se visten;ubieraą się;True;
vestirse, yo, pret. indefinido;vestirse;ubierać się;yo;pret_indefinido;me vestí;ubierałem się;False;
vestirse, tu, pret. indefinido;vestirse;ubierać się;tu;pret_indefinido;te vestiste;ubierałeś się;False;
vestirse, el, pret. indefinido;vestirse;ubierać się;el;pret_indefinido;se vistió;ubierał się;True;
vestirse, ns, pret. indefinido;vestirse;ubierać się;ns;pret_indefinido;nos vestimos;ubieraliśmy się;False;
vestirse, vs, pret. indefinido;vestirse;ubierać się;vs;pret_indefinido;os vestisteis;ubieraliście się;False;
vestirse, ellos, pret. indefinido;vestirse;ubierać się;ellos;pret_indefinido;se vistieron;ubierali się;True;
vestirse, yo, pret. perfecto;vestirse;ubierać się;yo;pret_perfecto;me he vestido;;False;
vestirse, tu, pret. perfecto;vestirse;ubierać się;tu;pret_perfecto;te has vestido;;False;
vestirse, el, pret. perfecto;vestirse;ubierać się;el;pret_perfecto;se ha vestido;;False;
vestirse, ns, pret. perfecto;vestirse;ubierać się;ns;pret_perfecto;nos hemos vestido;;False;
vestirse, vs, pret. perfecto;vestirse;ubierać się;vs;pret_perfecto;os habéis vestido;;False;
vestirse, ellos, pret. perfecto;vestirse;ubierać się;ellos;pret_perfecto;se han vestido;;False;
volar, yo, presente;volar;latać;yo;presente;vuelo;;True;
volar, tu, presente;volar;latać;tu;presente;vuelas;;True;
volar, el, presente;volar;latać;el;presente;vuela;;True;
volar, ns, presente;volar;latać;ns;presente;volamos;;False;
volar, vs, presente;volar;latać;vs;presente;voláis;;False;
volar, ellos, presente;volar;latać;ellos;presente;vuelan;;True;
volar, yo, pret. indefinido;volar;latać;yo;pret_indefinido;volé;;False;
volar, tu, pret. indefinido;volar;latać;tu;pret_indefinido;volaste;;False;
volar, el, pret. indefinido;volar;latać;el;pret_indefinido;voló;;False;
volar, ns, pret. indefinido;volar;latać;ns;pret_indefinido;volamos;;False;
volar, vs, pret. indefinido;volar;latać;vs;pret_indefinido;volasteis;;False;
volar, ellos, pret. indefinido;volar;latać;ellos;pret_indefinido;volaron;;False;
volar, yo, pret. perfecto;volar;latać;yo;pret_perfecto;he volado;;False;
volar, tu, pret. perfecto;volar;latać;tu;pret_perfecto;has volado;;False;
volar, el, pret. perfecto;volar;latać;el;pret_perfecto;ha volado;;False;
volar, ns, pret. perfecto;volar;latać;ns;pret_perfecto;hemos volado;;False;
volar, vs, pret. perfecto;volar;latać;vs;pret_perfecto;habéis volado;;False;
volar, ellos, pret. perfecto;volar;latać;ellos;pret_perfecto;han volado;;False;
volver, yo, presente;volver;wracać;yo;presente;vuelvo;wracam;True;
volver, tu, presente;volver;wracać;tu;presente;vuelves;wracasz;True;
volver, el, presente;volver;wracać;el;presente;vuelve;wraca;True;
volver, ns, presente;volver;wracać;ns;presente;volvemos;wracamy;False;
volver, vs, presente;volver;wracać;vs;presente;volvéis;wracacie;False;
volver, ellos, presente;volver;wracać;ellos;presente;vuelven;wracaą;True;
volver, yo, pret. indefinido;volver;wracać;yo;pret_indefinido;volví;wracałem;False;
volver, tu, pret. indefinido;volver;wracać;tu;pret_indefinido;volviste;wracałeś;False;
volver, el, pret. indefinido;volver;wracać;el;pret_indefinido;volvió;wracał;False;
volver, ns, pret. indefinido;volver;wracać;ns;pret_indefinido;volvimos;wracaliśmy;False;
volver, vs, pret. indefinido;volver;wracać;vs;pret_indefinido;volvisteis;wracaliście;False;
volver, ellos, pret. indefinido;volver;wracać;ellos;pret_indefinido;volvieron;wracali;False;
volver, yo, pret. perfecto;volver;wracać;yo;pret_perfecto;he vuelto;;True;
volver, tu, pret. perfecto;volver;wracać;tu;pret_perfecto;has vuelto;;True;
volver, el, pret. perfecto;volver;wracać;el;pret_perfecto;ha vuelto;;True;
volver, ns, pret. perfecto;volver;wracać;ns;pret_perfecto;hemos vuelto;;True;
volver, vs, pret. perfecto;volver;wracać;vs;pret_perfecto;habéis vuelto;;True;
volver, ellos, pret. perfecto;volver;wracać;ellos;pret_perfecto;han vuelto;;True;
